,0,1,2,3,4,5
0,63.0,34.0,25.0,21.0,2.0,63.0
1,16.0,32.0,16.0,19.0,1.0,32.0
2,18.0,32.0,17.0,20.0,2.0,32.0
3,24.0,32.0,22.0,20.0,2.0,32.0
4,29.0,32.0,25.0,14.0,2.0,32.0
5,21.0,31.0,24.0,18.0,2.0,31.0
6,30.0,32.0,22.0,17.0,3.0,32.0
7,29.0,33.0,17.0,19.0,2.0,33.0
8,29.0,32.0,23.0,13.0,2.0,32.0
9,38.0,32.0,34.0,21.0,4.0,38.0
10,25.0,32.0,25.0,20.0,2.0,32.0
11,29.0,32.0,23.0,17.0,2.0,32.0
12,29.0,32.0,19.0,12.0,1.0,32.0
13,22.0,31.0,17.0,13.0,1.0,31.0
14,27.0,32.0,16.0,17.0,1.0,32.0
15,48.59540889526542,21.978313253012047,16.60498561840844,40.00485201358564,12.565386485172581,58.41769743101808
16,48.59540889526542,21.978313253012047,16.60498561840844,40.00485201358564,12.565386485172581,58.41769743101808
17,24.0,28.0,19.0,14.0,1.0,28.0
18,24.0,18.6,16.0,14.0,1.0,24.0
19,18.0,16.0,15.0,10.0,1.0,18.0
20,35.0,19.8,18.0,15.0,1.0,35.0
21,54.0,15.4,20.0,16.0,2.0,54.0
22,37.0,18.0,18.0,13.0,2.0,37.0
23,32.0,22.6,30.0,14.0,2.0,32.0
24,29.0,22.2,18.0,9.0,2.0,29.0
25,33.0,28.2,22.0,12.0,2.0,33.0
26,47.0,14.0,24.0,22.0,2.0,47.0
27,32.0,13.0,23.0,18.0,3.0,32.0
28,35.0,12.0,25.0,19.0,2.0,35.0
29,33.0,12.0,21.0,19.0,2.0,33.0
30,31.0,12.0,23.0,20.0,2.0,31.0
31,41.0,16.0,22.0,27.0,3.0,41.0
32,49.0,17.8,23.0,41.0,3.0,49.0
33,53.0,14.2,28.0,34.0,3.0,53.0
34,30.0,21.8,17.0,35.0,2.0,35.0
35,22.0,16.4,15.0,37.0,2.0,37.0
36,25.0,20.0,16.0,26.0,1.0,26.0
37,39.0,6.0,20.0,22.0,2.0,39.0
38,28.0,6.0,19.0,23.0,3.0,28.0
39,41.0,6.0,20.0,22.0,2.0,41.0
40,30.0,4.0,23.0,32.0,3.0,32.0
41,32.0,6.0,23.0,42.0,4.0,42.0
42,35.0,3.0,18.0,40.0,3.0,40.0
43,43.0,4.0,21.0,42.0,3.0,43.0
44,34.0,5.0,32.0,41.0,4.0,41.0
45,27.0,6.0,22.0,40.0,4.0,40.0
46,36.0,7.0,19.0,38.0,3.0,38.0
47,52.0,4.0,30.0,33.0,4.0,52.0
48,68.0,7.0,25.0,30.0,4.0,68.0
49,57.0,4.0,34.0,25.0,2.0,57.0
50,40.0,3.0,31.0,24.0,3.0,40.0
51,51.0,3.0,34.0,46.0,4.0,51.0
52,58.0,15.0,25.0,78.0,5.0,78.0
53,52.0,7.0,27.0,71.0,7.0,71.0
54,62.0,7.0,30.0,67.0,5.0,67.0
55,50.0,6.0,24.0,68.0,3.0,68.0
56,44.0,8.0,25.0,60.0,4.0,60.0
57,30.0,6.0,23.0,44.0,4.0,44.0
58,58.0,6.0,26.0,54.0,4.0,58.0
59,51.0,8.0,26.0,46.0,5.0,51.0
60,56.0,8.0,28.0,56.0,4.0,56.0
61,49.0,5.0,33.0,53.0,4.0,53.0
62,37.0,9.0,25.0,75.0,5.0,75.0
63,51.0,7.0,24.0,53.0,4.0,53.0
64,42.0,8.0,19.0,44.0,3.0,44.0
65,41.0,10.0,22.0,42.0,4.0,42.0
66,25.0,7.0,22.0,84.0,4.0,84.0
67,53.0,12.0,22.0,101.0,6.0,101.0
68,62.0,8.0,28.0,43.0,5.0,62.0
69,56.0,9.0,27.0,63.0,4.0,63.0
70,57.0,6.0,29.0,53.0,4.0,57.0
71,53.0,9.0,24.0,60.0,5.0,60.0
72,62.0,14.0,24.0,48.0,4.0,62.0
73,36.0,8.0,20.0,31.0,3.0,36.0
74,35.0,9.0,20.0,125.0,5.0,125.0
75,63.0,10.0,25.0,80.0,5.0,80.0
76,55.0,7.0,33.0,52.0,6.0,55.0
77,51.0,13.0,27.0,50.0,2.0,51.0
78,35.0,7.0,17.0,26.0,2.0,35.0
79,51.0,13.0,23.0,32.0,3.0,51.0
80,34.0,8.0,24.0,47.0,6.0,47.0
81,46.0,6.0,33.0,34.0,7.0,46.0
82,77.0,11.0,50.0,97.0,7.0,97.0
83,52.0,10.0,20.0,41.0,4.0,52.0
84,57.0,9.0,30.0,54.0,3.0,57.0
85,42.0,8.0,23.0,80.0,5.0,80.0
86,64.0,12.0,35.0,71.0,3.0,71.0
87,51.0,8.0,27.0,62.0,4.0,62.0
88,32.0,9.0,20.0,26.0,3.0,32.0
89,48.59540889526542,21.978313253012047,16.60498561840844,40.00485201358564,12.565386485172581,58.41769743101808
90,41.0,6.0,19.0,29.4,3.0,41.0
91,47.0,16.6,23.0,27.6,4.0,47.0
92,30.0,13.0,24.0,17.8,3.0,30.0
93,37.0,12.0,24.0,8.0,3.0,37.0
94,31.0,12.0,24.0,6.0,4.0,31.0
95,33.0,10.0,16.0,6.0,2.0,33.0
96,40.0,12.0,17.0,57.0,3.0,57.0
97,17.0,8.0,16.0,38.0,1.0,38.0
98,23.0,7.0,14.0,31.0,1.0,31.0
99,46.0,8.0,20.0,55.0,6.0,55.0
100,43.0,7.0,23.0,73.0,4.0,73.0
101,39.0,9.0,26.0,47.0,5.0,47.0
102,56.0,8.0,26.0,34.0,5.0,56.0
103,55.0,8.0,24.0,45.0,5.0,55.0
104,61.0,9.0,20.0,45.0,3.0,61.0
105,73.0,9.0,26.0,69.0,5.0,73.0
106,65.0,10.0,24.0,76.0,6.0,76.0
107,79.0,7.0,26.0,86.0,7.0,86.0
108,48.59540889526542,21.978313253012047,16.60498561840844,40.00485201358564,12.565386485172581,58.41769743101808
109,48.59540889526542,21.978313253012047,16.60498561840844,40.00485201358564,12.565386485172581,58.41769743101808
110,57.0,10.0,24.0,65.0,7.0,65.0
111,71.0,8.0,31.0,56.0,6.0,71.0
112,53.0,11.0,22.0,67.0,5.0,67.0
113,50.0,12.0,17.0,43.0,5.0,50.0
114,68.0,10.0,30.0,35.0,4.0,68.0
115,47.0,10.0,18.0,44.0,6.0,47.0
116,61.0,11.0,33.0,82.0,6.0,82.0
117,53.0,10.0,28.0,51.0,5.0,53.0
118,39.0,10.0,17.0,32.0,2.0,39.0
119,43.0,11.0,18.0,89.0,3.0,89.0
120,57.0,12.0,20.0,88.0,4.0,88.0
121,50.0,8.0,27.0,67.0,4.0,67.0
122,62.0,10.0,34.0,86.0,4.0,86.0
123,49.0,9.0,22.0,68.0,4.0,68.0
124,51.0,11.0,23.0,53.0,4.0,53.0
125,49.0,10.0,22.0,31.0,5.0,49.0
126,53.0,8.0,26.0,48.0,6.0,53.0
127,55.0,10.0,27.0,52.0,3.0,55.0
128,54.0,11.0,30.0,42.0,5.0,54.0
129,64.0,11.0,28.0,35.0,4.0,64.0
130,76.0,14.0,28.0,87.0,5.0,87.0
131,71.0,15.0,25.0,78.0,5.0,78.0
132,59.0,12.0,20.0,80.0,5.0,80.0
133,50.0,12.0,20.0,76.0,3.0,76.0
134,20.0,15.0,19.0,91.0,5.0,91.0
135,53.0,11.0,21.0,78.0,6.0,78.0
136,60.0,11.0,24.0,56.0,7.0,60.0
137,56.0,11.0,20.0,81.0,9.0,81.0
138,46.0,11.0,23.0,85.0,7.0,85.0
139,59.0,15.0,18.0,64.0,6.0,64.0
140,51.0,14.0,19.0,53.0,3.0,53.0
141,35.0,14.0,19.0,53.0,5.0,53.0
142,44.0,13.0,21.0,85.0,11.0,85.0
143,61.0,17.0,20.0,82.0,8.0,82.0
144,69.0,14.0,19.0,87.0,4.0,87.0
145,54.0,13.0,20.0,134.0,9.0,134.0
146,69.0,14.0,24.0,79.0,8.0,79.0
147,58.0,15.0,16.0,65.0,4.0,65.0
148,36.0,12.0,20.0,31.0,3.0,36.0
149,61.0,18.0,23.0,29.0,3.0,61.0
150,56.0,15.0,17.0,26.0,3.0,56.0
151,41.0,11.0,20.0,23.0,3.0,41.0
152,53.0,14.0,25.0,75.0,4.0,75.0
153,71.0,15.0,21.0,75.0,4.0,75.0
154,42.0,13.0,23.0,72.0,5.0,72.0
155,36.0,12.0,28.0,55.0,5.0,55.0
156,31.0,12.0,19.0,63.0,6.0,63.0
157,41.0,16.0,18.0,32.0,4.0,41.0
158,38.0,21.0,18.0,31.0,3.0,38.0
159,51.0,20.0,17.0,47.0,3.0,51.0
160,50.0,13.0,20.0,77.0,4.0,77.0
161,57.0,13.0,19.0,56.0,5.0,57.0
162,52.0,13.0,17.0,48.0,4.0,52.0
163,54.0,14.0,23.0,70.0,6.0,70.0
164,54.0,12.0,20.0,49.0,7.0,54.0
165,51.0,13.0,20.0,44.0,5.0,51.0
166,50.0,16.0,18.0,32.0,2.0,50.0
167,42.0,15.0,18.0,55.0,3.0,55.0
168,51.0,12.0,24.0,67.0,3.0,67.0
169,34.0,14.0,21.0,84.0,4.0,84.0
170,52.0,17.0,18.0,63.0,7.0,63.0
171,63.0,19.0,21.0,65.0,4.0,65.0
172,58.0,17.0,29.0,36.0,4.0,58.0
173,60.0,18.0,27.0,40.0,4.0,60.0
174,40.0,14.0,19.0,30.0,2.0,40.0
175,55.0,15.0,27.0,31.0,2.0,55.0
176,12.0,12.0,14.0,29.0,1.0,29.0
177,20.0,11.0,15.0,33.0,2.0,33.0
178,28.0,13.0,25.0,33.0,3.0,33.0
179,33.0,12.0,19.0,46.0,3.0,46.0
180,29.0,11.0,16.0,57.0,3.0,57.0
181,27.0,13.0,22.0,42.0,3.0,42.0
182,49.0,14.0,18.0,39.0,3.0,49.0
183,45.0,13.0,14.0,48.0,2.0,48.0
184,35.0,14.0,16.0,53.0,2.0,53.0
185,60.0,13.0,18.0,80.0,6.0,80.0
186,49.0,14.0,19.0,90.0,7.0,90.0
187,66.0,16.0,21.0,141.0,7.0,141.0
188,79.0,17.0,28.0,94.0,6.0,94.0
189,38.0,15.0,16.0,58.0,3.0,58.0
190,24.0,13.0,19.0,54.0,5.0,54.0
191,30.0,15.0,19.0,73.0,5.0,73.0
192,27.0,14.0,19.0,74.0,5.0,74.0
193,37.0,16.0,23.0,103.0,5.0,103.0
194,45.0,18.0,22.0,71.0,5.0,71.0
195,40.0,17.0,22.0,45.0,5.0,45.0
196,51.0,16.0,21.0,69.0,4.0,69.0
197,38.0,16.0,19.0,96.0,6.0,96.0
198,59.0,18.0,26.0,97.0,7.0,97.0
199,86.0,20.0,22.0,122.0,9.0,122.0
200,53.0,15.0,24.0,50.0,7.0,53.0
201,43.0,13.0,23.0,95.0,5.0,95.0
202,49.0,17.0,23.0,77.0,9.0,77.0
203,45.0,14.0,20.0,64.0,4.0,64.0
204,46.0,13.0,25.0,82.0,5.0,82.0
205,48.0,16.0,20.0,56.0,6.0,56.0
206,50.0,19.0,19.0,76.0,5.0,76.0
207,50.0,17.0,20.0,85.0,10.0,85.0
208,57.0,16.0,20.0,70.0,9.0,70.0
209,38.0,16.0,18.0,55.0,5.0,55.0
210,55.0,15.0,24.0,87.0,5.0,87.0
211,48.0,14.0,19.0,74.0,4.0,74.0
212,53.0,17.0,18.0,74.0,6.0,74.0
213,46.0,18.0,19.0,60.0,5.0,60.0
214,42.0,17.0,18.0,80.0,7.0,80.0
215,52.0,18.0,18.0,97.0,7.0,97.0
216,62.0,18.0,19.0,90.0,7.0,90.0
217,61.0,18.0,19.0,90.0,5.0,90.0
218,68.0,19.0,18.0,59.0,6.0,68.0
219,60.0,21.0,19.0,85.0,6.0,85.0
220,56.0,16.0,23.0,141.0,6.0,141.0
221,34.0,15.0,21.0,72.0,6.0,72.0
222,44.0,15.0,21.0,92.0,5.0,92.0
223,56.0,19.0,18.0,65.0,8.0,65.0
224,56.0,16.0,18.0,56.0,3.0,56.0
225,58.0,15.0,25.0,118.0,5.0,118.0
226,70.0,16.0,23.0,102.0,6.0,102.0
227,55.0,18.0,19.0,92.0,5.0,92.0
228,39.0,18.0,18.0,105.0,5.0,105.0
229,5.0,21.0,17.0,63.0,4.0,63.0
230,18.0,17.0,16.0,49.0,3.0,49.0
231,51.0,16.0,15.0,83.0,4.0,83.0
232,52.0,19.0,18.0,77.0,5.0,77.0
233,57.0,19.0,19.0,112.0,6.0,112.0
234,71.0,19.0,21.0,59.0,5.0,71.0
235,52.0,19.0,18.0,63.0,4.0,63.0
236,53.0,19.0,16.0,66.0,4.0,66.0
237,53.0,25.0,19.0,58.0,4.0,58.0
238,62.0,20.0,18.0,51.0,6.0,62.0
239,56.0,18.0,16.0,49.0,5.0,56.0
240,61.0,24.0,21.0,138.0,6.0,138.0
241,56.0,18.0,20.0,48.0,5.0,56.0
242,51.0,18.0,16.0,64.0,5.0,64.0
243,54.0,17.0,16.0,75.0,6.0,75.0
244,56.0,18.0,15.0,77.0,3.0,77.0
245,64.0,18.0,19.0,70.0,5.0,70.0
246,63.0,19.0,20.0,110.0,9.0,110.0
247,52.0,17.0,19.0,79.0,6.0,79.0
248,57.0,17.0,19.0,57.0,4.0,57.0
249,59.0,20.0,16.0,50.0,3.0,59.0
250,54.0,20.0,16.0,72.0,3.0,72.0
251,55.0,21.0,16.0,64.0,4.0,64.0
252,52.0,18.0,17.0,86.0,4.0,86.0
253,56.0,17.0,20.0,95.0,4.0,95.0
254,59.0,16.0,20.0,61.0,5.0,61.0
255,59.0,19.0,21.0,113.0,6.0,113.0
256,68.0,23.0,21.0,86.0,6.0,86.0
257,65.0,20.0,21.0,88.0,6.0,88.0
258,59.0,18.0,18.0,66.0,5.0,66.0
259,53.0,19.0,15.0,78.0,3.0,78.0
260,48.59540889526542,21.978313253012047,16.60498561840844,40.00485201358564,12.565386485172581,58.41769743101808
261,57.0,20.0,16.0,77.0,6.0,77.0
262,57.0,18.0,17.0,63.0,5.0,63.0
263,55.0,16.0,18.0,58.0,6.0,58.0
264,68.0,19.0,18.0,127.0,9.0,127.0
265,63.0,20.0,21.0,137.0,7.0,137.0
266,62.0,19.0,20.0,88.0,5.0,88.0
267,60.0,19.0,21.0,63.0,8.0,63.0
268,62.0,19.0,24.0,53.0,5.0,62.0
269,44.0,17.0,20.0,22.0,3.0,44.0
270,60.0,16.0,31.0,81.0,7.0,81.0
271,59.0,17.0,22.0,55.0,9.0,59.0
272,42.0,17.0,20.0,56.0,4.0,56.0
273,52.0,17.0,20.0,53.0,4.0,53.0
274,48.0,17.0,26.0,47.0,4.0,48.0
275,50.0,17.0,22.0,65.0,7.0,65.0
276,53.0,17.0,20.0,62.0,6.0,62.0
277,60.0,18.0,21.0,49.0,5.0,60.0
278,48.0,20.0,16.0,36.0,4.0,48.0
279,52.0,17.0,20.0,82.0,4.0,82.0
280,39.0,18.0,19.0,41.0,4.0,41.0
281,53.0,17.0,19.0,68.0,5.0,68.0
282,71.0,17.0,30.0,55.0,6.0,71.0
283,54.0,19.0,20.0,77.0,5.0,77.0
284,46.0,17.0,23.0,89.0,6.0,89.0
285,58.0,18.0,29.0,125.0,7.0,125.0
286,36.0,18.0,19.0,107.0,5.0,107.0
287,29.0,19.0,15.0,95.0,4.0,95.0
288,36.0,20.0,18.0,55.0,4.0,55.0
289,50.0,18.0,22.0,120.0,6.0,120.0
290,36.0,20.0,21.0,115.0,6.0,115.0
291,51.0,17.0,23.0,44.0,5.0,51.0
292,51.0,17.0,24.0,96.0,6.0,96.0
293,73.0,18.0,37.0,76.0,7.0,76.0
294,49.0,18.0,21.0,64.0,3.0,64.0
295,52.0,19.0,17.0,74.0,6.0,74.0
296,53.0,19.0,25.0,95.0,5.0,95.0
297,55.0,20.0,20.0,79.0,5.0,79.0
298,53.0,20.0,19.0,46.0,4.0,53.0
299,42.0,22.0,18.0,91.0,8.0,91.0
300,42.0,20.0,23.0,73.0,6.0,73.0
301,64.0,19.0,33.0,66.0,6.0,66.0
302,58.0,20.0,24.0,71.0,5.0,71.0
303,40.0,19.0,21.0,67.0,5.0,67.0
304,40.0,21.0,19.0,88.0,11.0,88.0
305,51.0,23.0,19.0,136.0,6.0,136.0
306,51.0,21.0,19.0,105.0,8.0,105.0
307,55.0,21.0,20.0,87.0,5.0,87.0
308,64.0,20.0,27.0,57.0,9.0,64.0
309,32.0,17.0,16.0,49.0,3.0,49.0
310,37.0,17.0,19.0,12.0,3.0,37.0
311,53.0,19.0,27.0,43.0,5.0,53.0
312,52.0,19.0,21.0,56.0,4.0,56.0
313,50.0,19.0,28.0,101.0,5.0,101.0
314,56.0,20.0,24.0,150.0,5.0,150.0
315,44.0,18.0,18.0,81.0,3.0,81.0
316,28.0,18.0,21.0,60.0,4.0,60.0
317,52.0,19.0,27.0,71.0,5.0,71.0
318,48.0,19.0,22.0,102.0,5.0,102.0
319,54.0,26.0,27.0,125.0,6.0,125.0
320,26.6,22.8,32.0,19.6,5.0,32.0
321,59.0,22.0,27.0,80.0,5.0,80.0
322,46.0,20.0,22.0,79.0,9.0,79.0
323,48.0,21.0,20.0,128.0,5.0,128.0
324,30.0,20.0,19.0,141.0,5.0,141.0
325,48.59540889526542,21.978313253012047,16.60498561840844,40.00485201358564,12.565386485172581,58.41769743101808
326,48.59540889526542,21.978313253012047,16.60498561840844,40.00485201358564,12.565386485172581,58.41769743101808
327,40.0,19.0,17.0,18.0,2.0,40.0
328,27.0,19.0,18.0,20.0,2.0,27.0
329,28.0,20.0,15.0,18.0,2.0,28.0
330,20.0,18.0,16.0,19.0,2.0,20.0
331,19.0,18.0,16.0,21.0,2.0,21.0
332,23.0,19.0,16.0,28.0,3.0,28.0
333,29.0,21.0,23.0,18.0,4.0,29.0
334,27.0,21.0,21.0,19.0,3.0,27.0
335,39.0,20.0,18.0,20.0,3.0,39.0
336,33.0,19.0,17.0,27.0,3.0,33.0
337,27.0,20.0,15.0,25.0,2.0,27.0
338,30.0,19.0,18.0,29.0,4.0,30.0
339,28.0,20.0,19.0,78.0,6.0,78.0
340,35.0,22.0,19.0,40.0,4.0,40.0
341,48.59540889526542,21.978313253012047,16.60498561840844,40.00485201358564,12.565386485172581,58.41769743101808
342,48.59540889526542,21.978313253012047,16.60498561840844,40.00485201358564,12.565386485172581,58.41769743101808
343,48.59540889526542,21.978313253012047,16.60498561840844,40.00485201358564,12.565386485172581,58.41769743101808
344,25.0,20.0,17.0,16.0,2.0,25.0
345,24.0,20.0,25.0,21.0,2.0,25.0
346,27.0,19.0,24.0,16.0,1.0,27.0
347,10.0,20.0,20.0,31.0,4.0,31.0
348,48.59540889526542,21.978313253012047,16.60498561840844,40.00485201358564,12.565386485172581,58.41769743101808
349,51.0,23.0,22.0,18.0,2.0,51.0
350,33.0,20.0,18.0,29.0,2.0,33.0
351,17.0,23.0,17.0,25.0,2.0,25.0
352,27.0,21.0,19.0,31.0,4.0,31.0
353,33.0,21.0,18.0,30.0,3.0,33.0
354,30.0,21.0,22.0,28.0,3.0,30.0
355,28.0,20.0,26.0,25.0,3.0,28.0
356,34.0,21.0,21.0,35.0,3.0,35.0
357,24.0,21.0,18.0,34.0,2.0,34.0
358,20.0,19.0,14.0,22.0,2.0,22.0
359,16.0,20.0,14.0,33.0,2.0,33.0
360,22.0,21.0,15.0,27.0,3.0,27.0
361,31.0,23.0,17.0,35.0,3.0,35.0
362,35.0,24.0,21.0,45.0,4.0,45.0
363,49.0,23.0,18.0,54.0,3.0,54.0
364,38.0,23.0,21.0,30.0,4.0,38.0
365,35.0,20.0,22.0,27.0,2.0,35.0
366,14.0,18.0,12.0,17.0,1.0,18.0
367,48.59540889526542,21.978313253012047,16.60498561840844,40.00485201358564,12.565386485172581,58.41769743101808
368,24.0,21.0,20.0,19.0,2.0,24.0
369,23.0,19.0,17.0,21.0,2.0,23.0
370,18.0,19.0,14.0,24.0,2.0,24.0
371,21.0,20.0,14.0,27.0,2.0,27.0
372,48.0,27.0,19.0,44.0,3.0,48.0
373,24.0,23.0,16.0,29.0,2.0,29.0
374,28.0,23.0,16.0,44.0,3.0,44.0
375,40.0,30.0,18.0,36.0,4.0,40.0
376,35.0,22.0,18.0,38.0,4.0,38.0
377,39.0,23.0,17.0,50.0,4.0,50.0
378,31.0,23.0,17.0,38.0,4.0,38.0
379,30.0,21.0,19.0,33.0,3.0,33.0
380,24.0,23.0,19.0,29.0,3.0,29.0
381,35.0,23.0,19.0,34.0,4.0,35.0
382,41.0,22.0,22.0,23.0,5.0,41.0
383,46.0,22.0,27.0,20.0,5.0,46.0
384,27.0,20.0,18.0,23.0,2.0,27.0
385,25.0,20.0,17.0,25.0,2.0,25.0
386,17.0,20.0,17.0,18.0,2.0,20.0
387,28.0,21.0,17.0,34.0,3.0,34.0
388,33.0,23.0,20.0,39.0,3.0,39.0
389,26.0,20.0,19.0,19.0,3.0,26.0
390,21.0,20.0,19.0,25.0,3.0,25.0
391,27.0,21.0,19.0,37.0,3.0,37.0
392,32.0,22.0,17.0,23.0,4.0,32.0
393,22.0,20.0,17.0,19.0,2.0,22.0
394,27.0,21.0,20.0,23.0,3.0,27.0
395,28.0,21.0,20.0,27.0,3.0,28.0
396,44.0,21.0,19.0,31.0,3.0,44.0
397,46.0,23.0,26.0,30.0,4.0,46.0
398,18.0,21.0,19.0,27.0,3.0,27.0
399,22.0,20.0,16.0,27.0,2.0,27.0
400,31.0,19.0,19.0,27.0,3.0,31.0
401,24.0,21.0,35.0,31.0,5.0,35.0
402,48.59540889526542,21.978313253012047,16.60498561840844,40.00485201358564,12.565386485172581,58.41769743101808
403,48.59540889526542,21.978313253012047,16.60498561840844,40.00485201358564,12.565386485172581,58.41769743101808
404,28.0,23.0,38.0,29.0,3.0,38.0
405,13.0,24.0,26.0,13.6,4.0,26.0
406,24.0,25.0,19.0,30.0,3.0,30.0
407,15.0,20.0,21.0,43.0,3.0,43.0
408,41.0,21.0,22.0,40.0,5.0,41.0
409,37.0,21.0,25.0,36.0,6.0,37.0
410,21.0,22.0,32.0,25.0,5.0,32.0
411,20.0,22.0,23.0,42.0,3.0,42.0
412,13.0,22.0,17.0,24.0,3.0,24.0
413,29.0,22.0,19.0,40.0,3.0,40.0
414,19.0,21.0,20.0,34.0,3.0,34.0
415,24.0,28.0,22.0,29.0,4.0,29.0
416,37.0,21.0,19.0,29.0,3.0,37.0
417,27.0,23.0,28.0,18.0,4.0,28.0
418,49.0,25.0,29.0,25.0,4.0,49.0
419,32.0,22.0,19.0,39.0,3.0,39.0
420,23.0,20.0,16.0,42.0,2.0,42.0
421,36.0,22.0,22.0,41.0,4.0,41.0
422,44.0,22.0,26.0,30.0,4.0,44.0
423,48.0,21.0,26.0,21.0,3.0,48.0
424,52.0,22.0,24.0,66.0,4.0,66.0
425,48.0,21.0,23.0,82.0,4.0,82.0
426,57.0,23.0,19.0,51.0,3.0,57.0
427,42.0,22.0,29.0,130.0,5.0,130.0
428,37.0,20.0,20.0,37.0,3.0,37.0
429,51.0,28.0,20.0,30.0,4.0,51.0
430,47.0,23.0,24.0,27.0,4.0,47.0
431,49.0,22.0,26.0,50.0,4.0,50.0
432,57.0,26.0,29.0,42.0,5.0,57.0
433,49.0,24.0,27.0,23.0,3.0,49.0
434,36.0,25.0,18.0,32.0,2.0,36.0
435,36.0,24.0,20.0,24.0,3.0,36.0
436,49.0,23.0,20.0,23.0,2.0,49.0
437,52.0,22.0,20.0,36.0,3.0,52.0
438,54.0,28.0,24.0,59.0,5.0,59.0
439,52.0,28.0,20.0,72.0,7.0,72.0
440,62.0,26.0,24.0,56.0,6.0,62.0
441,68.0,24.0,46.0,91.0,4.0,91.0
442,42.0,25.0,21.0,68.0,4.0,68.0
443,44.0,24.0,23.0,133.0,6.0,133.0
444,47.0,24.0,27.0,67.0,4.0,67.0
445,30.0,23.0,18.0,33.0,3.0,33.0
446,67.0,24.0,37.0,53.0,7.0,67.0
447,66.0,27.0,23.0,28.0,4.0,66.0
448,26.0,21.0,16.0,40.0,3.0,40.0
449,48.0,22.0,24.0,40.0,4.0,48.0
450,25.0,24.0,20.0,91.0,1.0,91.0
451,52.0,24.0,31.0,87.0,4.0,87.0
452,31.0,23.0,26.0,24.0,5.0,31.0
453,22.0,23.0,31.0,28.0,2.0,31.0
454,14.0,22.0,15.0,21.0,1.0,22.0
455,25.0,22.0,17.0,22.0,1.0,25.0
456,39.0,22.0,18.0,24.0,2.0,39.0
457,45.0,22.0,27.0,23.0,2.0,45.0
458,18.0,22.0,20.0,29.0,3.0,29.0
459,8.0,24.0,25.0,16.0,4.0,25.0
460,8.0,22.0,21.0,7.0,4.0,22.0
461,8.0,23.0,21.0,6.0,4.0,23.0
462,6.0,22.0,16.0,4.0,1.0,22.0
463,11.0,22.0,20.0,10.0,3.0,22.0
464,10.0,22.0,19.0,5.0,2.0,22.0
465,50.0,22.0,20.0,25.0,2.0,50.0
466,33.0,22.0,16.0,19.0,2.0,33.0
467,33.0,22.0,16.0,29.0,2.0,33.0
468,27.0,22.0,21.0,15.0,3.0,27.0
469,53.0,22.0,23.0,44.0,2.0,53.0
470,56.0,23.0,25.0,22.0,7.0,56.0
471,46.0,22.0,20.0,30.0,5.0,46.0
472,63.0,23.0,25.0,41.0,6.0,63.0
473,72.0,22.0,29.0,21.0,5.0,72.0
474,59.0,22.0,30.0,15.0,3.0,59.0
475,64.0,23.0,34.0,24.0,6.0,64.0
476,58.0,22.0,25.0,29.0,4.0,58.0
477,49.0,22.0,27.0,31.8,2.0,49.0
478,61.0,22.0,33.0,40.4,3.0,61.0
479,69.0,22.0,35.0,43.8,2.0,69.0
480,71.0,23.0,32.0,46.6,3.0,71.0
481,50.0,22.0,22.0,28.6,2.0,50.0
482,53.0,22.0,23.0,32.0,3.0,53.0
483,51.0,22.0,26.0,36.2,5.0,51.0
484,54.0,23.0,22.0,32.0,4.0,54.0
485,62.0,24.0,19.0,46.4,9.0,62.0
486,62.0,23.0,22.0,50.6,6.0,62.0
487,70.0,23.0,22.0,43.0,4.0,70.0
488,78.0,23.0,31.0,51.6,4.0,78.0
489,61.0,23.0,23.0,46.2,3.0,61.0
490,48.0,23.0,17.0,31.6,3.0,48.0
491,50.0,24.0,17.0,37.0,2.0,50.0
492,51.0,25.0,21.0,30.0,4.0,51.0
493,12.2,24.0,20.0,9.4,3.0,24.0
494,55.0,2.0,18.0,36.0,3.0,55.0
495,49.0,1.0,16.0,33.0,3.0,49.0
496,62.0,17.0,19.0,48.2,3.0,62.0
497,43.0,16.0,22.0,59.0,3.0,59.0
498,64.0,14.0,20.0,74.0,4.0,74.0
499,63.0,14.0,24.0,80.0,4.0,80.0
500,47.0,13.0,23.0,55.0,3.0,55.0
501,51.0,14.0,19.0,30.0,4.0,51.0
502,42.0,13.0,11.0,27.0,2.0,42.0
503,40.0,14.0,11.0,42.0,4.0,42.0
504,39.0,14.0,19.0,38.0,3.0,39.0
505,29.0,14.0,17.0,50.0,4.0,50.0
506,40.0,14.0,14.0,34.0,4.0,40.0
507,35.0,17.0,12.0,42.0,10.0,42.0
508,19.0,17.0,17.4,34.0,3.4,34.0
509,55.0,18.0,19.8,22.0,5.0,55.0
510,6.0,17.0,24.0,16.0,6.0,24.0
511,48.59540889526542,21.978313253012047,16.60498561840844,40.00485201358564,12.565386485172581,58.41769743101808
512,48.59540889526542,21.978313253012047,16.60498561840844,40.00485201358564,12.565386485172581,58.41769743101808
513,55.0,13.0,18.0,28.0,7.0,55.0
514,67.0,12.0,18.0,45.0,9.0,67.0
515,43.0,13.0,17.0,35.0,8.0,43.0
516,25.0,12.0,18.0,16.0,8.0,25.0
517,62.0,12.0,13.0,14.0,9.0,62.0
518,50.0,12.0,14.0,26.0,5.0,50.0
519,34.0,11.0,11.0,24.0,3.0,34.0
520,56.0,12.0,12.0,23.0,6.0,56.0
521,51.0,12.0,12.0,38.0,7.0,51.0
522,66.0,11.0,13.0,36.0,6.0,66.0
523,57.0,11.0,14.0,28.0,4.0,57.0
524,64.0,12.0,27.0,36.0,4.0,64.0
525,54.0,13.0,18.0,45.0,5.4,54.0
526,56.0,11.0,14.0,35.0,3.6,56.0
527,65.0,9.0,11.0,50.0,2.0,65.0
528,53.0,9.0,18.0,25.2,3.0,53.0
529,26.0,8.0,12.0,44.0,2.0,44.0
530,53.0,8.0,12.0,38.0,2.0,53.0
531,56.0,7.0,20.0,29.0,2.0,56.0
532,37.4,51.2,8.0,8.2,36.0,8.0
533,48.59540889526542,21.978313253012047,16.60498561840844,40.00485201358564,12.565386485172581,58.41769743101808
534,48.59540889526542,21.978313253012047,16.60498561840844,40.00485201358564,12.565386485172581,58.41769743101808
535,48.59540889526542,21.978313253012047,16.60498561840844,40.00485201358564,12.565386485172581,58.41769743101808
536,41.0,5.0,20.6,17.0,9.6,41.0
537,39.0,6.0,9.0,22.0,2.0,39.0
538,39.0,5.0,8.0,19.0,1.0,39.0
539,38.0,5.0,10.0,31.0,1.0,38.0
540,21.0,5.0,14.0,16.0,2.0,21.0
541,41.0,6.0,28.0,7.0,6.8,41.0
542,48.0,5.0,20.0,22.0,4.0,48.0
543,58.0,5.0,17.0,14.0,2.0,58.0
544,60.0,5.0,18.0,19.0,3.0,60.0
545,46.0,5.0,17.0,45.0,2.0,46.0
546,64.0,8.0,16.0,34.0,2.0,64.0
547,58.0,7.0,16.0,23.0,4.0,58.0
548,56.0,7.0,16.0,39.0,4.0,56.0
549,68.0,7.0,15.0,21.0,4.0,68.0
550,63.0,7.0,15.0,18.0,3.0,63.0
551,55.0,8.0,15.0,20.0,5.0,55.0
552,48.59540889526542,21.978313253012047,16.60498561840844,40.00485201358564,12.565386485172581,58.41769743101808
553,48.59540889526542,21.978313253012047,16.60498561840844,40.00485201358564,12.565386485172581,58.41769743101808
554,34.0,6.0,15.0,50.0,4.6,50.0
555,54.0,6.0,15.0,30.0,3.2,54.0
556,73.0,7.0,15.0,25.0,5.0,73.0
557,60.0,6.0,15.0,34.0,3.0,60.0
558,59.0,6.0,14.0,42.0,4.6,59.0
559,77.0,6.0,14.0,45.0,8.0,77.0
560,52.0,5.0,12.0,32.0,5.4,52.0
561,50.0,5.0,12.0,40.0,10.0,50.0
562,65.0,5.0,17.0,65.0,12.2,65.0
563,65.0,6.0,17.0,53.0,6.8,65.0
564,67.0,5.0,17.0,25.0,3.6,67.0
565,70.0,5.0,16.0,25.0,4.0,70.0
566,65.0,4.0,12.0,28.0,3.0,65.0
567,48.0,4.0,18.0,43.0,12.8,48.0
568,53.0,4.0,23.0,31.0,8.0,53.0
569,62.0,5.0,23.0,20.0,3.8,62.0
570,55.0,5.0,15.0,35.0,4.2,55.0
571,58.0,5.0,16.0,26.4,6.0,58.0
572,73.0,12.0,15.0,33.2,9.0,73.0
573,53.0,11.0,20.0,65.0,3.0,65.0
574,62.0,10.0,15.0,37.0,2.0,62.0
575,74.0,11.0,19.0,34.0,7.0,74.0
576,79.0,10.0,18.0,38.0,2.0,79.0
577,76.0,10.0,18.0,31.0,5.0,76.0
578,53.0,10.0,18.0,29.0,4.0,53.0
579,57.0,10.0,16.0,40.0,3.0,57.0
580,56.0,10.0,13.0,49.0,3.0,56.0
581,46.0,12.0,11.0,32.0,3.0,46.0
582,48.0,12.0,12.0,38.0,4.0,48.0
583,64.0,11.0,16.0,37.0,4.0,64.0
584,53.0,12.0,19.0,29.0,5.0,53.0
585,72.0,11.0,19.0,28.0,4.0,72.0
586,60.0,11.0,18.0,28.0,4.0,60.0
587,69.0,11.0,17.0,29.0,4.0,69.0
588,62.0,11.0,14.0,29.0,4.0,62.0
589,63.0,11.0,13.0,31.0,2.0,63.0
590,74.0,12.0,13.0,48.0,2.0,74.0
591,62.0,11.0,13.0,45.0,2.0,62.0
592,64.0,12.0,13.0,34.0,3.0,64.0
593,59.0,11.0,15.0,33.0,3.0,59.0
594,60.0,11.0,11.0,27.0,3.0,60.0
595,55.0,11.0,10.0,47.0,2.0,55.0
596,54.0,10.0,13.0,18.0,3.0,54.0
597,60.0,11.0,16.0,18.0,3.0,60.0
598,62.0,10.0,16.0,17.0,4.0,62.0
599,62.0,12.0,17.0,21.0,4.0,62.0
600,68.0,11.0,20.0,17.0,4.0,68.0
601,67.0,11.0,19.0,29.0,3.0,67.0
602,62.0,10.0,13.0,22.0,3.0,62.0
603,70.0,11.0,17.0,24.0,3.0,70.0
604,67.0,11.0,17.0,23.4,3.0,67.0
605,55.0,10.0,16.0,34.0,3.0,55.0
606,60.0,10.0,17.0,34.0,3.0,60.0
607,49.0,10.0,18.0,36.0,4.0,49.0
608,59.0,9.0,20.0,29.0,3.0,59.0
609,62.0,9.0,15.0,25.0,3.0,62.0
610,50.0,9.0,23.0,31.0,6.0,50.0
611,50.0,10.0,22.0,37.0,3.0,50.0
612,52.0,14.0,15.0,32.0,3.0,52.0
613,73.0,15.0,21.0,18.0,4.0,73.0
614,66.0,10.0,18.0,15.0,4.0,66.0
615,51.0,12.0,19.0,12.0,16.0,51.0
616,67.0,10.0,21.0,26.0,3.0,67.0
617,62.0,11.0,16.0,29.0,4.0,62.0
618,61.0,13.0,17.0,28.4,3.0,61.0
619,56.0,12.0,13.8,38.8,3.0,56.0
620,55.0,16.0,18.0,28.0,5.0,55.0
621,56.0,11.0,18.0,35.0,4.0,56.0
622,61.0,12.0,17.0,28.0,3.0,62.0
623,59.0,10.0,13.0,26.0,3.0,59.0
624,51.0,10.0,14.0,18.0,4.0,51.0
625,52.0,11.0,18.0,17.0,4.0,52.0
626,6.0,12.0,16.0,14.0,4.0,16.0
627,8.0,11.0,19.0,8.0,3.0,19.0
628,6.0,11.0,22.0,8.0,3.0,22.0
629,5.0,10.0,22.0,19.0,3.0,22.0
630,6.0,11.0,21.0,16.0,4.0,21.0
631,26.0,11.0,19.0,19.0,4.0,26.0
632,53.0,12.0,17.0,16.0,5.0,53.0
633,69.0,11.0,18.0,27.0,5.0,69.0
634,56.0,10.0,17.0,25.0,4.0,56.0
635,44.0,11.0,16.0,33.0,4.0,44.0
636,41.0,11.0,17.0,28.0,4.0,41.0
637,54.0,11.0,12.0,39.0,3.0,54.0
638,47.0,11.0,15.0,26.0,4.0,47.0
639,63.0,11.0,19.0,14.0,4.0,63.0
640,37.0,10.0,17.0,33.0,5.0,37.0
641,38.0,11.0,17.0,35.0,4.0,38.0
642,46.0,11.0,16.0,37.0,3.0,46.0
643,37.0,11.0,20.0,32.0,3.0,37.0
644,37.0,12.0,11.0,35.0,3.0,37.0
645,37.0,11.0,14.0,33.0,4.0,37.0
646,51.0,11.0,15.0,30.0,4.0,51.0
647,27.0,11.0,18.0,19.0,5.0,27.0
648,59.0,11.0,17.0,22.0,4.0,59.0
649,53.0,11.0,17.0,15.0,5.0,53.0
650,55.0,11.0,20.0,26.0,5.0,55.0
651,64.0,12.0,14.0,30.0,4.0,64.0
652,52.0,10.0,16.0,23.0,3.0,52.0
653,57.0,10.0,19.0,43.0,5.0,57.0
654,25.8,11.0,19.0,28.0,5.0,28.0
655,59.0,11.0,18.0,23.0,5.0,59.0
656,30.0,10.0,20.0,38.0,5.0,38.0
657,43.0,10.0,16.0,35.0,3.0,43.0
658,42.0,10.0,14.0,29.0,3.0,42.0
659,33.0,10.0,14.0,39.0,4.0,39.0
660,36.0,9.0,14.0,32.0,3.0,36.0
661,43.0,10.0,27.0,28.0,5.0,43.0
662,36.0,10.0,17.0,14.0,4.0,36.0
663,29.0,10.0,18.0,16.0,4.0,29.0
664,57.0,10.0,18.0,35.0,5.0,57.0
665,34.0,9.0,12.0,33.0,3.0,34.0
666,42.0,9.0,24.0,44.0,2.0,44.0
667,46.0,10.0,22.0,34.0,3.0,46.0
668,47.0,10.0,16.0,19.0,3.0,47.0
669,65.0,11.0,26.0,19.0,5.0,65.0
670,45.0,10.0,21.0,32.0,3.0,45.0
671,51.0,11.0,21.0,37.0,4.0,51.0
672,45.0,10.0,17.0,28.0,2.0,45.0
673,48.0,10.0,20.0,22.0,3.0,48.0
674,45.0,10.0,19.0,41.0,3.0,45.0
675,53.0,10.0,23.0,28.0,3.0,53.0
676,49.0,10.0,23.0,37.0,3.0,49.0
677,48.59540889526542,21.978313253012047,16.60498561840844,40.00485201358564,12.565386485172581,58.41769743101808
678,58.0,11.0,32.0,31.0,5.0,58.0
679,49.0,14.0,23.0,72.0,4.0,72.0
680,59.0,16.0,20.0,65.0,3.0,65.0
681,59.0,15.0,20.0,75.0,4.0,75.0
682,37.0,15.0,18.0,32.0,2.0,37.0
683,15.0,13.0,9.0,30.0,1.0,30.0
684,21.0,17.0,19.0,130.0,2.0,130.0
685,34.0,20.0,18.0,125.0,3.0,125.0
686,31.0,17.0,14.0,62.0,3.0,62.0
687,53.0,16.0,18.0,43.0,3.0,53.0
688,41.0,15.0,17.0,61.0,3.0,61.0
689,51.0,18.0,21.0,127.0,3.0,127.0
690,61.0,17.0,20.0,55.0,2.0,61.0
691,43.0,16.0,23.0,100.0,4.0,100.0
692,61.0,16.0,38.0,61.0,4.0,61.0
693,54.0,12.0,19.0,71.0,2.0,71.0
694,73.0,19.0,20.0,48.0,2.0,73.0
695,63.0,14.0,26.0,84.0,3.0,84.0
696,51.0,15.0,20.0,62.0,3.0,62.0
697,60.0,15.0,27.0,64.0,2.0,64.0
698,53.0,14.0,20.0,73.0,3.0,73.0
699,57.0,15.0,21.0,64.0,3.0,64.0
700,59.0,18.0,22.0,65.0,15.0,65.0
701,57.0,16.0,21.0,86.0,4.0,86.0
702,63.0,13.0,29.0,71.0,3.0,71.0
703,62.0,16.0,31.0,57.0,3.0,62.0
704,49.0,16.0,23.0,66.0,4.0,66.0
705,50.0,16.0,21.0,82.0,4.0,82.0
706,68.0,14.0,27.0,81.0,4.0,81.0
707,54.0,15.0,17.0,80.0,3.0,80.0
708,64.0,13.0,21.0,94.0,5.0,94.0
709,82.0,15.0,39.0,92.0,4.0,92.0
710,57.0,14.0,27.0,112.0,3.0,112.0
711,52.0,15.0,18.0,63.0,3.0,63.0
712,50.0,15.0,15.0,69.0,3.0,69.0
713,23.0,13.0,10.0,34.0,2.0,34.0
714,41.0,12.0,9.0,36.0,2.0,41.0
715,35.0,13.0,12.0,62.0,3.0,62.0
716,36.0,17.0,12.0,86.0,3.0,86.0
717,60.0,15.0,20.0,88.0,3.0,88.0
718,48.0,14.0,17.0,49.0,3.0,49.0
719,33.0,13.0,12.0,23.0,3.0,33.0
720,48.59540889526542,21.978313253012047,16.60498561840844,40.00485201358564,12.565386485172581,58.41769743101808
721,48.0,14.0,19.0,15.0,2.0,48.0
722,21.0,11.0,4.0,20.0,1.0,21.0
723,22.0,13.0,6.0,22.0,2.0,22.0
724,22.0,14.0,7.0,18.0,2.0,22.0
725,28.0,13.0,15.0,55.0,3.0,55.0
726,4.0,13.0,14.8,63.0,8.0,63.0
727,19.0,15.8,5.0,18.6,8.0,19.0
728,17.0,15.8,12.4,15.6,4.0,17.0
729,24.0,14.4,4.0,33.0,3.0,33.0
730,29.0,15.0,5.0,26.6,13.0,29.0
731,24.0,17.0,5.0,21.2,6.0,24.0
732,16.0,16.0,5.0,29.0,4.0,29.0
733,38.0,18.0,8.0,24.0,6.0,38.0
734,37.0,29.0,16.0,22.6,16.0,37.0
735,66.0,34.0,30.0,27.8,27.0,66.0
736,52.0,47.0,14.0,14.8,25.0,52.0
737,36.0,16.6,25.0,89.0,6.2,89.0
738,61.0,15.0,28.0,198.0,8.0,198.0
739,41.0,13.0,26.0,128.0,8.0,128.0
740,53.0,12.0,26.0,62.0,6.0,62.0
741,50.0,11.0,24.0,66.0,5.2,66.0
742,65.0,11.0,28.0,77.0,9.2,77.0
743,65.0,12.0,32.0,99.0,9.0,99.0
744,65.0,13.0,26.0,56.0,9.2,65.0
745,37.0,16.0,19.0,28.0,2.4,37.0
746,56.0,22.0,23.0,101.0,7.8,101.0
747,27.0,12.0,16.0,103.0,5.0,103.0
748,42.0,13.0,27.0,127.0,6.8,127.0
749,74.0,30.0,31.0,28.0,5.8,74.0
750,62.0,15.0,22.0,47.0,5.0,62.0
751,39.0,15.0,23.0,46.0,10.6,46.0
752,59.0,16.0,37.0,26.0,7.0,59.0
753,51.0,17.0,20.0,35.0,5.2,51.0
754,29.0,19.0,22.0,47.0,12.0,47.0
755,63.0,19.0,33.0,118.0,15.0,118.0
756,24.0,12.0,14.0,18.2,10.0,24.0
757,52.0,12.0,22.0,64.0,10.0,64.0
758,48.0,11.0,19.0,80.0,11.0,80.0
759,24.0,18.0,22.0,73.0,9.0,73.0
760,53.0,23.0,22.0,33.0,11.0,53.0
761,61.0,20.0,47.0,93.0,9.0,93.0
762,61.0,37.0,47.0,31.0,10.0,61.0
763,51.0,26.0,16.0,37.0,7.0,51.0
764,54.0,22.0,27.0,31.0,6.0,54.0
765,45.0,20.0,29.0,30.0,7.0,45.0
766,49.0,26.0,20.0,24.0,11.0,49.0
767,59.0,25.0,34.0,65.0,10.0,65.0
768,45.0,17.0,23.0,132.0,13.0,132.0
769,57.0,18.0,20.0,144.0,9.0,144.0
770,56.0,21.0,22.0,64.0,11.0,64.0
771,30.0,17.0,19.0,60.0,7.0,60.0
772,50.0,20.0,36.0,28.0,14.0,50.0
773,52.0,14.0,33.0,17.0,18.0,52.0
774,53.0,14.0,35.0,28.0,15.0,53.0
775,31.0,13.0,19.0,22.0,9.0,31.0
776,18.0,13.0,15.0,51.0,10.0,51.0
777,24.0,17.0,13.0,46.0,10.0,46.0
778,41.0,21.0,25.0,41.0,18.0,41.0
779,64.0,20.0,26.0,48.0,21.0,64.0
780,56.0,14.0,34.0,22.0,21.0,56.0
781,37.0,14.0,28.0,19.0,17.0,37.0
782,49.0,14.0,32.0,16.0,19.0,49.0
783,32.0,12.0,24.0,56.0,15.0,56.0
784,48.0,12.0,29.0,46.0,14.0,48.0
785,36.0,12.0,23.0,49.0,11.0,49.0
786,48.0,14.0,25.0,25.0,14.0,48.0
787,55.0,14.0,24.0,22.0,17.0,55.0
788,42.0,13.0,22.0,28.0,13.0,42.0
789,50.0,13.0,29.0,16.0,15.0,50.0
790,30.0,19.0,24.0,21.0,12.0,30.0
791,38.0,16.0,15.0,47.0,15.0,47.0
792,52.0,21.0,32.0,42.0,22.0,52.0
793,40.0,15.0,28.0,29.0,21.0,40.0
794,46.0,15.0,25.0,29.0,17.0,46.0
795,45.0,17.0,39.0,66.0,16.0,66.0
796,56.0,18.0,41.0,33.0,27.0,56.0
797,48.0,14.0,29.0,109.0,21.0,109.0
798,48.0,17.0,22.0,52.0,11.0,52.0
799,28.0,15.0,20.0,25.0,10.0,28.0
800,41.0,15.0,20.0,17.0,12.0,41.0
801,43.0,14.0,28.0,50.0,16.0,50.0
802,47.0,16.0,30.0,99.0,18.0,99.0
803,57.0,29.0,28.0,60.0,16.0,60.0
804,47.0,15.0,42.0,28.0,12.0,47.0
805,30.0,19.0,18.0,33.0,9.0,33.0
806,31.0,19.0,18.0,21.0,8.0,31.0
807,25.0,16.0,18.0,12.0,6.0,25.0
808,21.0,15.0,16.0,25.0,8.0,25.0
809,23.0,3.0,16.0,24.0,10.0,24.0
810,30.0,7.0,20.0,28.0,9.0,30.0
811,25.0,6.0,15.0,19.0,8.0,25.0
812,16.0,5.0,9.0,28.0,4.0,28.0
813,18.0,5.0,14.0,19.0,7.0,19.0
814,44.0,8.0,29.0,32.0,12.0,44.0
815,29.0,6.0,25.0,53.0,15.0,53.0
816,44.0,5.0,36.0,47.0,18.0,47.0
817,53.0,6.0,34.0,54.0,20.0,54.0
818,40.0,6.0,25.0,79.0,16.0,79.0
819,51.0,8.0,35.0,94.0,18.0,94.0
820,51.0,9.0,31.0,76.0,20.0,76.0
821,49.0,6.0,49.0,54.0,15.0,54.0
822,51.0,7.0,44.0,46.0,18.0,51.0
823,50.0,5.0,30.0,43.0,17.0,50.0
824,45.0,8.0,25.0,24.0,18.0,45.0
825,45.0,7.0,27.0,72.0,14.0,72.0
826,61.0,10.0,41.0,87.0,13.0,87.0
827,47.0,7.0,24.0,84.0,17.0,84.0
828,46.0,14.0,27.0,70.0,18.0,70.0
829,57.0,16.0,32.0,81.0,27.0,81.0
830,52.0,11.0,23.0,52.0,17.0,52.0
831,31.0,7.0,19.0,44.0,9.0,44.0
832,32.0,5.0,24.0,37.0,10.0,37.0
833,35.0,7.0,17.0,70.0,14.0,70.0
834,42.0,6.0,25.0,44.0,23.0,44.0
835,45.0,6.0,29.0,94.0,16.0,94.0
836,50.0,7.0,37.0,49.0,16.0,50.0
837,51.0,5.0,19.0,60.0,16.0,60.0
838,37.0,4.0,21.0,20.0,9.0,37.0
839,21.0,6.0,16.0,47.0,20.0,47.0
840,43.0,9.0,16.0,31.0,16.0,43.0
841,40.0,9.0,17.0,28.0,9.0,40.0
842,50.0,16.0,18.0,27.0,10.0,50.0
843,42.0,10.0,20.0,16.0,15.0,42.0
844,65.0,13.0,36.0,60.0,12.0,65.0
845,33.0,7.0,22.0,67.0,22.0,67.0
846,44.0,8.0,31.0,32.0,11.0,44.0
847,49.0,6.0,42.0,38.0,11.0,49.0
848,53.0,8.0,35.0,48.0,19.0,53.0
849,42.0,4.0,29.0,48.0,21.0,48.0
850,49.0,3.0,24.0,54.0,11.0,54.0
851,27.0,5.0,14.0,19.0,5.0,27.0
852,41.0,15.0,24.0,42.0,16.0,42.0
853,51.0,12.0,32.0,29.0,14.0,51.0
854,38.0,7.0,34.0,82.0,15.0,82.0
855,35.0,7.0,22.0,70.0,13.0,70.0
856,49.0,9.0,31.0,44.0,16.0,49.0
857,55.0,4.0,30.0,61.0,21.0,61.0
858,52.0,6.0,26.0,57.0,19.0,57.0
859,35.0,3.0,24.0,42.0,16.0,42.0
860,47.0,3.0,21.0,40.0,13.0,47.0
861,57.0,2.0,19.0,46.0,12.0,57.0
862,51.0,3.0,28.0,41.0,15.0,51.0
863,53.0,6.0,23.0,31.0,13.0,53.0
864,56.0,11.0,19.0,38.0,12.0,56.0
865,48.0,7.0,23.0,78.0,18.0,78.0
866,53.0,7.0,24.0,47.0,18.0,53.0
867,47.0,10.0,21.0,59.0,15.0,59.0
868,72.0,12.0,18.0,80.0,16.0,80.0
869,54.0,8.0,22.0,47.0,15.0,54.0
870,55.0,7.0,21.0,66.0,16.0,66.0
871,52.0,10.0,16.0,44.0,10.0,52.0
872,47.0,7.0,20.0,59.0,16.0,59.0
873,55.0,11.0,22.0,38.0,13.0,55.0
874,51.0,9.0,15.0,49.0,19.0,51.0
875,49.0,8.0,14.0,75.0,15.0,75.0
876,58.0,13.0,32.0,60.0,14.0,60.0
877,52.0,10.0,26.0,39.0,10.0,52.0
878,51.0,10.0,19.0,40.0,11.0,51.0
879,53.0,6.0,19.0,54.0,10.0,54.0
880,48.0,6.0,16.0,42.0,16.0,48.0
881,50.0,6.0,18.0,69.0,15.0,69.0
882,53.0,5.0,22.0,72.0,14.0,72.0
883,40.0,4.0,13.0,62.0,10.0,62.0
884,55.0,4.0,18.0,48.0,11.0,55.0
885,53.0,9.0,20.0,35.0,13.0,53.0
886,33.0,6.0,11.0,39.0,9.0,39.0
887,43.0,5.0,9.0,34.0,8.0,43.0
888,29.0,4.0,13.0,71.0,8.0,71.0
889,37.0,5.0,17.0,76.0,15.0,76.0
890,45.0,8.0,20.0,56.0,16.0,56.0
891,48.0,8.0,22.0,64.0,22.0,64.0
892,67.0,8.0,22.0,72.0,18.0,72.0
893,55.0,9.0,25.0,68.0,21.0,68.0
894,52.0,7.0,21.0,59.0,16.0,59.0
895,46.0,7.0,27.0,56.0,24.0,56.0
896,50.0,9.0,16.0,70.0,17.0,70.0
897,52.0,9.0,23.0,42.0,14.0,52.0
898,52.0,10.0,20.0,44.0,12.0,52.0
899,52.0,11.0,16.0,68.0,16.0,68.0
900,62.0,12.0,25.0,79.0,17.0,79.0
901,62.0,13.0,23.0,66.0,13.0,66.0
902,61.0,14.0,17.0,91.0,15.0,91.0
903,65.0,9.0,20.0,76.0,17.0,76.0
904,63.0,10.0,20.0,75.0,13.0,75.0
905,61.4,13.0,23.0,78.0,14.0,78.0
906,63.0,14.0,20.0,62.0,15.0,63.0
907,71.0,10.0,22.0,113.0,16.0,113.0
908,62.0,8.0,28.0,69.0,21.0,69.0
909,59.0,14.0,26.0,51.0,14.0,59.0
910,57.0,13.0,16.0,58.0,12.0,58.0
911,59.0,10.0,23.0,51.0,15.0,59.0
912,61.0,11.0,24.0,73.0,15.0,73.0
913,60.0,26.0,21.0,45.0,16.0,60.0
914,58.0,25.0,20.0,29.0,16.0,58.0
915,58.0,22.0,23.0,43.0,13.0,58.0
916,57.0,27.0,22.0,42.0,13.0,57.0
917,63.0,23.0,12.0,41.0,7.0,63.0
918,60.0,23.0,17.0,36.0,10.0,60.0
919,60.0,21.0,22.0,72.0,15.0,72.0
920,48.59540889526542,21.978313253012047,16.60498561840844,40.00485201358564,12.565386485172581,58.41769743101808
921,62.0,26.0,20.0,32.0,14.0,62.0
922,48.59540889526542,21.978313253012047,16.60498561840844,40.00485201358564,12.565386485172581,58.41769743101808
923,59.0,20.0,18.0,105.0,14.0,105.0
924,72.0,20.0,18.0,105.0,17.0,105.0
925,58.0,23.0,23.0,39.0,13.0,58.0
926,62.0,23.0,24.0,51.0,19.0,62.0
927,64.0,23.0,27.0,65.0,19.0,65.0
928,66.0,22.0,23.0,49.0,16.0,66.0
929,55.0,22.0,26.0,34.0,18.0,55.0
930,62.0,22.0,22.0,64.0,22.0,64.0
931,57.0,19.0,18.0,69.0,12.0,69.0
932,59.0,20.0,24.0,79.0,21.0,79.0
933,64.0,25.0,23.0,42.0,15.0,64.0
934,62.0,22.0,20.0,52.0,19.0,62.0
935,66.0,23.0,25.0,75.0,25.0,75.0
936,65.0,22.0,21.0,38.0,21.0,65.0
937,59.0,15.0,17.0,47.0,13.0,59.0
938,66.0,14.0,15.0,73.0,13.0,73.0
939,65.0,14.0,27.0,53.0,17.0,65.0
940,64.0,20.0,26.0,63.0,15.0,64.0
941,63.0,21.0,22.0,64.0,13.0,64.0
942,64.0,20.0,22.0,62.0,18.0,64.0
943,61.0,20.0,22.0,63.0,20.0,63.0
944,62.0,20.0,20.0,63.0,19.0,63.0
945,57.0,19.0,16.0,65.0,17.0,65.0
946,57.0,20.0,21.6,55.0,22.0,57.0
947,54.0,21.0,20.0,90.0,18.0,90.0
948,55.0,20.0,22.0,51.0,13.0,55.0
949,63.0,22.0,24.0,73.0,21.0,73.0
950,66.0,20.0,21.0,66.0,14.0,66.0
951,73.0,21.0,24.0,43.0,14.0,73.0
952,57.0,19.0,13.0,40.0,9.0,57.0
953,55.0,19.0,17.0,37.0,10.0,55.0
954,57.0,19.0,17.0,32.0,10.0,57.0
955,52.0,18.0,19.0,45.0,18.0,52.0
956,59.0,18.0,21.0,52.0,17.0,59.0
957,66.0,17.0,26.0,81.0,19.0,81.0
958,62.0,16.0,22.0,76.0,14.0,76.0
959,39.0,18.0,13.0,48.0,10.0,48.0
960,69.0,18.0,24.0,115.0,19.0,115.0
961,62.0,20.0,23.0,74.0,18.0,74.0
962,56.0,23.0,19.0,36.0,10.0,56.0
963,52.0,20.0,18.0,30.0,14.0,52.0
964,61.0,17.0,29.0,53.0,18.0,61.0
965,55.0,19.0,22.0,65.0,19.0,65.0
966,52.0,17.0,14.0,73.0,12.0,73.0
967,57.0,18.0,22.0,89.0,16.0,89.0
968,56.0,17.0,24.0,51.0,22.0,56.0
969,58.0,15.0,24.0,53.0,17.0,58.0
970,61.0,16.0,26.0,53.0,14.0,61.0
971,56.0,19.0,20.0,58.0,12.0,58.0
972,68.0,19.0,16.0,50.0,10.0,68.0
973,54.0,19.0,13.0,50.0,10.0,54.0
974,58.0,18.0,24.0,67.0,16.0,67.0
975,57.0,18.0,20.0,61.0,20.0,61.0
976,57.0,18.0,20.0,46.0,12.0,57.0
977,60.0,20.0,22.0,52.0,9.8,60.0
978,56.0,20.0,23.0,43.0,15.0,56.0
979,57.0,21.0,20.0,49.0,13.0,57.0
980,52.0,21.0,14.0,59.0,10.0,59.0
981,53.0,20.0,18.0,47.0,14.0,53.0
982,50.0,26.0,15.0,45.0,13.0,50.0
983,54.0,24.0,20.0,69.0,16.0,69.0
984,57.0,22.0,21.0,90.0,18.0,90.0
985,57.0,21.0,22.0,90.0,18.0,90.0
986,63.0,21.0,20.0,89.0,14.0,89.0
987,55.0,21.0,16.0,50.0,14.0,55.0
988,51.0,21.0,15.0,35.0,10.0,51.0
989,51.0,22.0,17.0,35.0,14.0,51.0
990,52.0,20.0,20.0,47.0,16.0,52.0
991,17.6,19.0,13.0,17.0,2.8,19.0
992,55.0,20.0,19.0,41.0,13.0,55.0
993,51.0,22.0,16.0,95.0,14.0,95.0
994,58.0,22.0,16.0,75.0,12.0,75.0
995,56.0,23.0,18.0,45.0,12.0,56.0
996,54.0,22.0,18.0,48.0,12.0,54.0
997,67.0,25.0,24.0,71.0,17.0,71.0
998,59.0,20.0,21.0,64.0,14.0,64.0
999,58.0,23.0,23.0,46.0,16.0,58.0
1000,61.0,19.0,18.0,49.0,10.0,61.0
1001,73.0,18.0,16.0,58.0,14.0,73.0
1002,62.0,18.0,17.0,65.0,14.0,65.0
1003,62.0,24.0,18.0,75.0,16.0,75.0
1004,62.0,20.0,15.0,56.0,16.0,62.0
1005,59.0,19.0,16.0,65.0,21.0,65.0
1006,56.0,19.0,17.0,74.0,23.0,74.0
1007,40.0,51.0,14.0,49.0,38.0,51.0
1008,48.59540889526542,21.978313253012047,16.60498561840844,40.00485201358564,12.565386485172581,58.41769743101808
1009,48.59540889526542,21.978313253012047,16.60498561840844,40.00485201358564,12.565386485172581,58.41769743101808
1010,53.8,25.0,19.0,52.0,13.0,52.0
1011,44.8,19.0,19.0,47.0,16.0,47.0
1012,69.0,18.0,19.0,73.0,16.0,73.0
1013,65.0,18.0,21.0,92.0,24.0,92.0
1014,66.0,19.0,16.0,72.0,14.0,72.0
1015,63.0,19.0,17.0,84.0,13.0,84.0
1016,62.0,19.0,18.0,79.0,13.0,79.0
1017,59.0,18.0,18.0,91.0,14.0,91.0
1018,66.0,19.0,22.0,78.0,17.0,78.0
1019,58.0,18.0,20.0,70.0,12.0,70.0
1020,57.0,18.0,17.0,41.0,13.0,57.0
1021,57.0,19.0,17.0,30.0,11.0,57.0
1022,62.0,20.0,22.0,76.0,12.0,76.0
1023,58.0,22.0,40.0,53.0,11.0,58.0
1024,55.0,23.0,16.0,66.0,16.0,66.0
1025,52.0,22.0,15.0,73.0,17.0,73.0
1026,63.0,25.0,14.0,61.0,18.0,63.0
1027,61.0,21.0,13.0,56.0,12.0,61.0
1028,63.0,23.0,13.0,93.0,15.0,93.0
1029,68.0,22.0,28.0,72.0,12.0,72.0
1030,59.0,19.0,16.0,45.0,15.0,59.0
1031,62.0,21.0,21.0,43.0,14.0,62.0
1032,56.0,23.0,19.0,89.0,16.0,89.0
1033,59.0,28.0,18.0,58.0,14.0,59.0
1034,49.0,22.0,13.0,86.0,14.0,86.0
1035,47.0,19.0,15.0,58.0,13.0,58.0
1036,43.0,20.0,13.0,62.0,12.0,62.0
1037,41.0,22.0,14.0,70.0,12.0,70.0
1038,59.0,21.0,15.0,92.0,17.0,92.0
1039,56.0,20.0,21.0,86.0,17.0,86.0
1040,55.0,22.0,22.0,85.0,21.0,85.0
1041,72.0,24.0,20.0,86.0,19.0,86.0
1042,59.0,27.0,17.0,129.0,16.0,129.0
1043,63.0,27.0,16.0,79.0,20.0,79.0
1044,59.0,24.0,13.0,78.0,18.0,78.0
1045,62.0,22.0,17.0,78.0,15.0,78.0
1046,73.0,24.0,20.0,63.0,20.0,73.0
1047,67.0,22.0,29.0,28.0,15.0,67.0
1048,55.0,29.0,15.0,36.0,10.0,55.0
1049,57.0,24.0,16.0,66.0,12.0,66.0
1050,55.0,23.0,12.0,80.0,14.0,80.0
1051,57.0,24.0,13.0,80.0,22.0,80.0
1052,56.0,23.0,12.0,45.0,17.0,56.0
1053,48.0,21.0,15.0,63.0,15.0,63.0
1054,52.0,25.0,14.0,66.0,13.0,66.0
1055,53.0,20.0,19.0,57.0,17.0,57.0
1056,67.0,21.0,21.0,72.0,19.0,72.0
1057,64.0,22.0,21.0,69.0,13.0,69.0
1058,63.0,21.0,18.0,82.0,18.0,82.0
1059,64.0,22.0,20.0,66.0,15.0,66.0
1060,48.59540889526542,21.978313253012047,16.60498561840844,40.00485201358564,12.565386485172581,58.41769743101808
1061,67.0,23.0,22.0,48.0,14.0,67.0
1062,58.0,21.0,16.0,53.0,11.0,58.0
1063,56.0,19.0,15.0,40.0,9.0,56.0
1064,48.59540889526542,21.978313253012047,16.60498561840844,40.00485201358564,12.565386485172581,58.41769743101808
1065,53.0,20.0,17.0,81.0,14.0,81.0
1066,62.0,23.0,20.0,64.0,14.0,64.0
1067,57.0,26.0,17.0,45.0,9.0,57.0
1068,56.0,23.0,15.0,41.0,13.0,56.0
1069,54.0,19.0,19.0,40.0,11.0,54.0
1070,42.0,23.0,14.0,31.0,10.0,42.0
1071,51.0,21.0,22.0,57.0,10.0,57.0
1072,53.0,22.0,18.0,69.0,19.0,69.0
1073,55.0,21.0,18.0,52.0,12.0,55.0
1074,48.59540889526542,21.978313253012047,16.60498561840844,40.00485201358564,12.565386485172581,58.41769743101808
1075,39.2,22.0,20.0,46.0,14.0,46.0
1076,63.0,32.0,22.0,59.0,13.0,63.0
1077,53.0,23.0,15.0,48.0,13.0,53.0
1078,41.0,23.0,9.0,69.0,11.0,69.0
1079,61.0,26.0,20.0,56.0,18.0,61.0
1080,56.0,25.0,16.0,38.0,12.0,56.0
1081,54.0,22.0,22.0,54.0,17.0,54.0
1082,54.0,24.0,17.0,46.0,13.0,54.0
1083,59.0,24.0,19.0,46.0,16.0,59.0
1084,57.0,22.0,28.0,49.0,14.0,57.0
1085,48.59540889526542,21.978313253012047,16.60498561840844,40.00485201358564,12.565386485172581,58.41769743101808
1086,54.0,23.0,20.0,73.0,14.0,73.0
1087,55.0,23.0,23.0,64.0,11.0,64.0
1088,51.0,20.0,11.0,43.0,9.0,51.0
1089,54.0,23.0,19.0,52.0,9.0,54.0
1090,52.0,28.0,21.0,41.0,11.0,52.0
1091,48.59540889526542,21.978313253012047,16.60498561840844,40.00485201358564,12.565386485172581,58.41769743101808
1092,48.59540889526542,21.978313253012047,16.60498561840844,40.00485201358564,12.565386485172581,58.41769743101808
1093,52.0,22.0,28.0,47.0,9.0,52.0
1094,41.0,22.0,14.0,29.0,9.0,41.0
1095,30.0,20.0,10.0,32.0,9.0,32.0
1096,27.0,22.0,12.0,29.0,8.0,29.0
1097,39.0,22.0,14.0,32.0,10.0,39.0
1098,34.0,22.0,14.0,38.0,10.0,38.0
1099,35.0,22.0,12.0,31.0,9.0,35.0
1100,46.0,23.0,16.0,32.0,9.0,46.0
1101,37.0,23.0,26.0,33.0,11.0,37.0
1102,41.0,26.0,20.0,30.0,11.0,41.0
1103,52.0,23.0,29.0,24.0,12.0,52.0
1104,24.0,24.0,18.0,25.0,8.0,25.0
1105,34.0,31.0,25.0,23.0,8.0,34.0
1106,27.0,23.0,9.0,33.0,4.0,33.0
1107,33.0,26.0,12.0,36.0,8.0,36.0
1108,34.0,28.0,13.0,27.0,7.0,34.0
1109,29.0,22.0,13.0,36.0,8.0,36.0
1110,52.0,60.0,19.0,30.0,8.0,60.0
1111,51.0,34.0,21.0,74.0,20.0,74.0
1112,37.0,29.0,14.0,31.0,6.0,37.0
1113,61.0,34.0,36.0,58.0,15.0,61.0
1114,47.0,30.0,15.0,33.0,9.0,47.0
1115,30.0,36.0,14.0,26.0,9.0,36.0
1116,40.0,36.0,18.0,28.0,15.0,40.0
1117,41.0,9.0,27.0,19.0,18.0,41.0
1118,44.0,22.0,24.0,16.0,13.0,44.0
1119,27.0,16.0,31.0,27.0,12.0,31.0
1120,44.0,8.6,51.0,49.0,11.0,51.0
1121,25.0,6.4,21.0,39.0,13.0,39.0
1122,63.0,20.2,27.0,40.0,17.0,63.0
1123,49.0,11.0,23.0,38.0,19.0,49.0
1124,38.0,12.0,21.0,35.0,20.0,38.0
1125,44.0,10.0,22.0,25.0,16.0,44.0
1126,29.0,8.0,19.0,27.0,14.0,29.0
1127,37.0,10.0,24.0,28.0,12.0,37.0
1128,39.0,8.0,37.0,19.0,15.0,39.0
1129,24.0,8.0,29.0,21.0,14.0,29.0
1130,43.0,8.0,30.0,29.0,12.0,43.0
1131,50.0,9.0,26.0,32.0,18.0,50.0
1132,51.0,19.0,28.0,25.0,16.0,51.0
1133,29.0,8.0,24.0,26.0,12.0,29.0
1134,35.0,7.0,18.0,33.0,12.0,35.0
1135,38.0,8.0,25.0,51.0,15.0,51.0
1136,53.0,9.0,24.0,31.0,16.0,53.0
1137,47.0,10.0,18.0,68.0,19.0,68.0
1138,43.0,7.0,16.0,39.0,20.0,43.0
1139,51.0,6.0,25.0,21.0,18.0,51.0
1140,60.0,7.0,51.0,53.0,17.0,60.0
1141,52.0,7.0,24.0,41.0,16.0,52.0
1142,24.0,5.0,18.0,28.0,12.0,28.0
1143,45.0,16.0,48.0,23.0,15.0,48.0
1144,38.0,8.0,27.0,17.0,11.0,38.0
1145,30.0,5.0,16.0,20.0,13.0,30.0
1146,35.0,11.0,15.0,22.0,14.0,35.0
1147,31.0,8.0,16.0,30.0,13.0,31.0
1148,28.0,5.0,5.0,29.0,9.0,29.0
1149,20.0,4.0,10.0,27.0,9.0,27.0
1150,19.0,5.0,14.0,25.0,13.0,25.0
1151,42.0,5.0,15.0,27.0,13.0,42.0
1152,33.0,5.0,16.0,22.0,13.0,33.0
1153,25.0,6.0,17.0,25.0,16.0,25.0
1154,59.0,7.0,40.0,18.0,13.0,59.0
1155,45.0,5.0,13.0,28.0,8.0,45.0
1156,34.0,5.0,15.0,32.0,10.0,34.0
1157,59.0,5.0,23.0,29.0,14.0,59.0
1158,56.0,7.0,19.0,55.0,16.0,56.0
1159,35.0,6.0,16.0,30.0,13.0,35.0
1160,36.0,10.0,19.0,33.0,16.0,36.0
1161,37.0,7.0,17.0,28.0,17.0,37.0
1162,45.0,7.0,16.0,39.0,11.0,45.0
1163,39.0,6.0,12.0,19.0,11.0,39.0
1164,30.0,5.0,12.0,33.0,11.0,33.0
1165,40.0,5.0,15.0,38.0,13.0,40.0
1166,48.0,5.0,19.0,39.0,20.0,48.0
1167,34.0,4.0,17.0,36.0,12.0,36.0
1168,64.0,6.0,19.0,87.0,17.0,87.0
1169,50.0,3.0,17.0,42.0,13.0,50.0
1170,50.0,4.0,20.0,36.0,19.0,50.0
1171,41.0,4.0,21.0,57.0,15.0,57.0
1172,44.0,3.0,15.0,54.0,12.0,54.0
1173,62.0,7.0,26.0,37.0,14.0,62.0
1174,48.0,4.0,12.0,51.0,14.0,51.0
1175,43.0,6.0,15.0,37.0,17.0,43.0
1176,34.0,4.0,7.0,42.0,9.0,42.0
1177,40.0,4.0,12.0,66.0,13.0,66.0
1178,58.0,4.0,20.0,54.0,17.0,58.0
1179,33.0,3.0,7.0,63.0,8.0,63.0
1180,49.0,4.0,10.0,42.0,10.0,49.0
1181,43.0,4.0,9.0,62.0,10.0,62.0
1182,58.0,6.0,12.0,67.0,14.0,67.0
1183,61.0,7.0,7.0,56.0,8.0,61.0
1184,47.0,6.0,9.0,68.0,12.0,68.0
1185,51.0,11.0,9.0,84.0,10.0,84.0
1186,38.0,6.0,12.0,67.0,10.0,67.0
1187,32.0,4.0,6.0,33.0,7.0,33.0
1188,30.0,5.0,4.0,33.0,5.0,33.0
1189,42.0,6.0,8.0,47.0,7.0,47.0
1190,50.0,4.0,6.0,63.0,8.0,63.0
1191,45.0,4.0,8.0,37.0,9.0,45.0
1192,26.0,3.0,11.0,35.0,9.0,35.0
1193,26.0,5.0,5.0,31.0,7.0,31.0
1194,36.0,3.0,5.0,27.0,10.0,36.0
1195,50.0,2.0,7.0,71.0,10.0,71.0
1196,48.0,2.0,6.0,88.0,6.0,88.0
1197,65.0,3.0,14.0,86.0,13.0,86.0
1198,40.0,2.0,8.0,46.0,9.0,46.0
1199,48.0,4.0,8.0,51.0,10.0,51.0
1200,40.0,2.0,8.0,46.0,11.0,46.0
1201,34.0,3.0,7.0,41.0,9.0,41.0
1202,43.0,2.0,8.0,54.0,9.0,54.0
1203,43.0,4.0,5.0,72.0,7.0,72.0
1204,59.0,5.0,7.0,87.0,9.0,87.0
1205,60.0,3.0,21.4,73.0,7.0,73.0
1206,46.0,4.0,21.6,35.0,10.0,46.0
1207,74.0,14.0,6.0,47.0,11.0,74.0
1208,45.0,5.0,5.0,43.0,7.0,45.0
1209,43.0,4.0,3.0,27.0,8.0,43.0
1210,46.0,3.0,7.0,45.0,8.0,46.0
1211,57.0,3.0,5.0,45.0,8.0,57.0
1212,36.0,1.0,4.0,71.0,8.0,71.0
1213,49.0,2.0,7.0,45.0,13.0,49.0
1214,53.0,4.0,6.0,52.0,11.0,53.0
1215,61.0,5.0,6.0,33.0,14.0,61.0
1216,47.0,2.0,19.4,38.0,10.0,47.0
1217,32.0,2.0,12.0,29.0,9.0,32.0
1218,52.0,5.0,11.0,35.0,9.0,52.0
1219,50.0,4.0,4.0,30.0,8.0,50.0
1220,51.0,7.0,7.0,34.0,9.0,51.0
1221,44.0,4.0,4.0,29.0,7.0,44.0
1222,50.0,4.0,3.0,48.0,9.0,50.0
1223,60.0,4.0,4.0,60.0,10.0,60.0
1224,56.0,4.0,3.0,34.0,12.0,56.0
1225,64.0,5.0,3.0,44.0,12.0,64.0
1226,44.0,2.0,4.0,47.0,8.0,47.0
1227,47.0,3.0,4.0,62.0,10.0,62.0
1228,54.0,2.0,3.0,38.0,8.0,54.0
1229,56.0,7.0,9.0,42.0,9.0,56.0
1230,60.0,7.0,7.0,40.0,9.0,60.0
1231,58.0,6.0,8.0,57.0,8.0,58.0
1232,60.0,6.0,8.0,83.0,7.0,83.0
1233,54.0,4.0,6.0,43.0,10.0,54.0
1234,30.0,8.0,8.0,59.0,13.0,59.0
1235,50.0,12.0,10.0,34.0,8.0,50.0
1236,27.0,7.0,7.0,49.0,9.0,49.0
1237,58.0,8.0,7.0,42.0,8.0,58.0
1238,42.0,3.0,10.0,52.0,8.0,52.0
1239,41.0,3.0,8.0,43.0,5.0,43.0
1240,26.0,2.0,4.0,27.0,5.0,27.0
1241,32.0,4.0,5.0,29.0,8.0,32.0
1242,22.0,4.0,4.0,65.0,8.0,65.0
1243,44.0,5.0,6.0,90.0,16.0,90.0
1244,58.0,8.0,6.0,74.0,12.0,74.0
1245,52.0,16.0,7.0,41.0,10.0,52.0
1246,48.0,14.0,7.0,46.0,9.0,48.0
1247,50.0,14.0,10.0,45.0,9.0,50.0
1248,44.0,14.0,7.0,37.0,8.0,44.0
1249,41.0,14.0,4.0,31.0,8.0,41.0
1250,45.0,18.0,4.0,28.0,8.0,45.0
1251,56.0,18.0,6.0,60.0,12.0,60.0
1252,69.0,18.0,7.0,74.0,13.0,74.0
1253,55.0,16.0,5.0,65.0,9.0,65.0
1254,59.0,15.0,5.0,33.0,10.0,59.0
1255,58.0,14.0,6.0,41.0,12.0,58.0
1256,67.0,16.0,10.0,34.0,10.0,67.0
1257,63.0,16.0,6.0,40.0,10.0,63.0
1258,49.0,15.0,6.0,58.0,13.0,58.0
1259,60.0,16.0,6.0,61.0,10.0,61.0
1260,60.0,15.0,6.0,61.0,12.0,61.0
1261,70.0,13.0,8.0,54.0,13.0,70.0
1262,67.0,16.0,8.0,35.0,11.0,67.0
1263,56.0,15.0,5.0,49.0,8.0,56.0
1264,60.0,17.0,6.0,56.0,9.0,60.0
1265,57.0,15.0,6.0,47.0,11.0,57.0
1266,61.0,17.0,12.0,67.0,17.0,67.0
1267,63.0,16.0,6.0,61.0,10.0,63.0
1268,67.0,20.0,6.0,34.0,11.0,67.0
1269,53.0,18.0,7.0,41.0,15.0,53.0
1270,53.0,15.0,7.0,77.0,11.0,77.0
1271,76.0,19.0,13.0,64.0,23.0,76.0
1272,70.0,18.0,10.0,61.0,19.0,70.0
1273,65.0,20.0,6.0,42.0,14.0,65.0
1274,72.0,21.0,6.0,47.0,11.0,72.0
1275,68.0,20.0,5.0,57.0,11.0,68.0
1276,75.0,20.0,6.0,53.0,15.0,75.0
1277,69.0,18.0,6.0,65.0,11.0,69.0
1278,68.0,17.0,7.0,47.0,11.0,68.0
1279,54.0,18.0,7.0,32.0,9.0,54.0
1280,70.0,18.0,8.0,43.0,12.0,70.0
1281,63.0,20.0,5.0,40.0,9.0,63.0
1282,58.0,21.0,7.0,39.0,12.0,58.0
1283,53.0,22.0,6.0,33.0,12.0,53.0
1284,60.0,20.0,6.0,59.0,15.0,60.0
1285,54.0,16.0,8.0,67.0,12.0,67.0
1286,62.0,19.0,8.0,80.0,17.0,80.0
1287,73.0,17.0,9.0,47.0,16.0,73.0
1288,62.0,17.0,6.0,60.0,9.0,62.0
1289,61.0,19.0,5.0,44.0,10.0,61.0
1290,64.0,21.0,6.0,55.0,16.0,64.0
1291,57.0,16.0,6.0,31.0,12.0,57.0
1292,48.0,19.0,5.0,24.0,11.0,48.0
1293,56.0,24.0,7.0,39.0,10.0,56.0
1294,55.0,21.0,7.0,54.0,15.0,55.0
1295,68.0,17.0,6.0,66.0,10.0,68.0
1296,66.0,16.0,8.0,77.0,12.0,77.0
1297,59.0,19.0,8.0,58.0,12.0,59.0
1298,56.0,16.0,6.0,49.0,15.0,56.0
1299,62.0,16.0,7.0,85.0,11.0,85.0
1300,60.0,18.0,7.0,56.0,13.0,60.0
1301,64.0,18.0,7.0,60.0,11.0,64.0
1302,59.0,19.0,5.0,45.0,10.0,59.0
1303,58.0,21.0,6.0,56.0,11.0,58.0
1304,68.0,20.0,7.0,89.0,14.0,89.0
1305,66.0,19.0,7.0,107.0,14.0,107.0
1306,68.0,17.0,7.0,104.0,12.0,104.0
1307,56.0,19.0,7.0,62.0,14.0,62.0
1308,65.0,18.0,7.0,84.0,13.0,84.0
1309,75.0,17.0,11.0,77.0,15.0,77.0
1310,71.0,18.0,9.0,65.0,11.0,71.0
1311,61.0,19.0,5.0,61.0,11.0,61.0
1312,67.0,20.0,7.0,70.0,12.0,70.0
1313,70.0,23.0,6.0,55.0,16.0,70.0
1314,65.0,19.0,6.0,72.0,12.0,72.0
1315,64.0,18.0,6.0,58.0,14.0,64.0
1316,54.0,15.0,6.0,65.0,12.0,65.0
1317,58.0,18.0,5.0,47.0,11.0,58.0
1318,60.0,20.0,5.0,34.0,10.0,60.0
1319,68.0,19.0,14.0,49.0,17.0,68.0
1320,53.0,16.0,7.0,41.0,12.0,53.0
1321,40.0,16.0,8.0,43.0,16.0,43.0
1322,58.0,18.0,10.0,29.0,12.0,58.0
1323,50.0,19.0,4.0,44.0,10.0,50.0
1324,52.0,16.0,7.0,52.0,10.0,52.0
1325,52.0,17.0,10.0,66.0,13.0,66.0
1326,65.0,18.0,15.0,39.0,18.0,65.0
1327,54.0,17.0,6.0,40.0,13.0,54.0
1328,46.0,18.0,3.0,41.0,9.0,46.0
1329,58.0,21.0,5.0,42.0,11.0,58.0
1330,63.0,22.0,7.0,53.0,13.0,63.0
1331,55.0,18.0,5.0,44.0,11.0,55.0
1332,57.0,20.0,7.0,53.0,14.0,57.0
1333,52.0,20.0,5.0,66.0,11.0,66.0
1334,55.0,18.0,5.0,52.0,11.0,55.0
1335,57.0,19.0,5.0,48.0,16.0,57.0
1336,59.0,20.0,4.0,54.0,8.0,59.0
1337,56.0,19.0,4.0,58.0,6.0,58.0
1338,57.0,20.0,6.0,68.0,14.0,68.0
1339,65.0,18.0,7.0,84.0,13.0,84.0
1340,75.0,17.0,11.0,77.0,15.0,77.0
1341,71.0,18.0,9.0,65.0,11.0,71.0
1342,61.0,19.0,5.0,61.0,11.0,61.0
1343,67.0,20.0,7.0,70.0,12.0,70.0
1344,70.0,23.0,6.0,55.0,16.0,70.0
1345,65.0,19.0,6.0,72.0,12.0,72.0
1346,64.0,18.0,6.0,58.0,14.0,64.0
1347,54.0,15.0,6.0,65.0,12.0,65.0
1348,58.0,18.0,5.0,47.0,11.0,58.0
1349,60.0,20.0,5.0,34.0,10.0,60.0
1350,68.0,19.0,14.0,49.0,17.0,68.0
1351,53.0,16.0,7.0,41.0,12.0,53.0
1352,40.0,16.0,8.0,43.0,16.0,43.0
1353,58.0,18.0,10.0,29.0,12.0,58.0
1354,50.0,19.0,4.0,44.0,10.0,50.0
1355,52.0,16.0,7.0,52.0,10.0,52.0
1356,52.0,17.0,10.0,66.0,13.0,66.0
1357,65.0,18.0,15.0,39.0,18.0,65.0
1358,54.0,17.0,6.0,40.0,13.0,54.0
1359,46.0,18.0,3.0,41.0,9.0,46.0
1360,58.0,21.0,5.0,42.0,11.0,58.0
1361,63.0,22.0,7.0,53.0,13.0,63.0
1362,55.0,18.0,5.0,44.0,11.0,55.0
1363,57.0,20.0,7.0,53.0,14.0,57.0
1364,52.0,20.0,5.0,66.0,11.0,66.0
1365,55.0,18.0,5.0,52.0,11.0,55.0
1366,57.0,19.0,5.0,48.0,16.0,57.0
1367,59.0,20.0,4.0,54.0,8.0,59.0
1368,56.0,19.0,4.0,58.0,6.0,58.0
1369,50.0,19.0,4.0,50.0,10.0,72.0
1370,53.0,22.0,6.0,69.0,12.0,69.0
1371,50.0,17.0,9.0,71.0,14.0,71.0
1372,53.0,18.0,8.0,75.0,16.0,75.0
1373,40.0,16.0,5.0,95.0,10.0,95.0
1374,42.0,17.0,5.0,70.0,11.0,70.0
1375,52.0,20.0,5.0,68.0,13.0,68.0
1376,46.0,20.0,5.0,83.0,11.0,83.0
1377,60.0,18.0,7.0,87.0,14.0,99.0
1378,53.0,17.0,7.0,60.0,11.0,74.0
1379,44.0,18.0,6.0,74.0,11.0,74.0
1380,57.0,19.0,7.0,86.0,16.0,86.0
1381,61.0,21.0,9.0,75.0,11.0,91.0
1382,63.0,18.0,8.0,63.0,20.0,93.0
1383,60.0,20.0,7.0,70.0,17.0,91.0
1384,56.0,19.0,7.0,76.0,20.0,80.0
1385,51.0,17.0,9.0,61.0,22.0,70.0
1386,50.0,16.0,7.0,51.0,14.0,72.0
1387,54.0,16.0,7.0,60.0,11.0,76.0
1388,54.0,18.0,11.0,43.0,15.0,83.0
1389,57.0,18.0,11.0,71.0,15.0,78.0
1390,48.0,17.0,10.0,44.0,13.0,61.0
1391,26.0,15.0,3.0,23.0,7.0,36.0
1392,47.0,23.0,6.0,61.0,11.0,69.0
1393,39.0,17.0,7.0,48.0,11.0,61.0
1394,41.0,18.0,8.0,77.0,20.0,77.0
1395,40.0,16.0,9.0,77.0,15.0,77.0
1396,55.0,18.0,18.0,60.0,16.0,75.0
1397,51.0,17.0,7.0,40.0,14.0,70.0
1398,52.0,18.0,5.0,35.0,9.0,73.0
1399,35.0,20.0,3.0,48.0,8.0,54.0
1400,49.0,67.0,18.0,10.0,40.0,11.0
1401,23.0,27.0,15.0,3.0,32.0,5.0
1402,43.0,64.0,19.0,6.0,53.0,10.0
1403,42.0,62.0,20.0,5.0,59.0,12.0
1404,51.0,70.0,17.0,11.0,50.0,19.0
1405,79.0,106.0,23.0,13.0,49.0,20.0
1406,61.0,85.0,19.0,14.0,45.0,25.0
1407,60.0,85.0,16.0,17.0,57.0,14.0
1408,62.0,95.0,20.0,13.0,57.0,18.0
1409,62.0,92.0,18.0,8.0,53.0,16.0
1410,61.0,97.0,20.0,10.0,62.0,20.0
1411,53.0,80.0,20.0,6.0,49.0,23.0
1412,53.0,68.0,20.0,5.0,34.0,14.0
1413,54.0,78.0,20.0,7.0,79.0,12.0
1414,52.0,73.0,21.0,6.0,41.0,12.0
1415,51.0,70.0,20.0,5.0,42.0,11.0
1416,57.0,84.0,18.0,7.0,60.0,13.0
1417,57.0,79.0,18.0,9.0,71.0,20.0
1418,58.0,84.0,18.0,13.0,64.0,20.0
1419,53.0,68.0,20.0,5.0,34.0,10.0
1420,54.0,82.0,18.0,15.0,48.0,13.0
1421,51.0,69.0,18.0,15.0,45.0,14.0
1422,62.0,93.0,20.0,11.0,51.0,17.0
1423,44.0,56.0,19.0,8.0,53.0,13.0
1424,39.0,63.0,19.0,8.0,48.0,14.0
1425,47.0,69.0,21.0,9.0,55.0,14.0
1426,44.0,59.0,20.0,8.0,41.0,17.0
1427,46.0,66.0,18.0,7.0,65.0,14.0
1428,37.0,56.0,17.0,7.0,24.0,9.0
1429,18.0,21.0,16.0,4.0,27.0,5.0
1430,22.0,17.0,4.0,19.0,8.0,26.0
1431,25.0,18.0,4.0,28.0,7.0,48.0
1432,29.0,19.0,8.0,48.0,14.0,48.0
1433,39.0,29.0,8.0,52.0,17.0,58.0
1434,28.0,22.0,7.0,34.0,11.0,34.0
1435,31.0,22.0,7.0,30.0,9.0,50.0
1436,25.0,22.0,6.0,18.0,9.0,31.0
1437,36.0,31.0,8.0,23.0,8.0,52.0
1438,32.0,22.0,5.0,25.0,8.0,46.0
1439,32.0,30.0,4.0,25.0,7.0,48.0
1440,32.0,24.0,9.0,21.0,12.0,49.0
1441,23.0,19.0,6.0,29.0,10.0,33.0
1442,29.0,20.0,5.0,29.0,6.0,41.0
1443,25.0,18.0,4.0,29.0,9.0,32.0
1444,26.0,18.0,6.0,24.0,8.0,34.0
1445,21.0,17.0,5.0,19.0,7.0,35.0
1446,24.0,21.0,5.0,30.0,7.0,37.0
1447,25.0,19.0,5.0,25.0,8.0,34.0
1448,27.0,19.0,6.0,24.0,9.0,49.0
1449,37.0,20.0,9.0,19.0,8.0,49.0
1450,17.0,17.0,4.0,14.0,5.0,20.0
1451,23.0,19.0,6.0,16.0,10.0,39.0
1452,43.0,26.0,6.6,26.0,13.0,62.0
1453,40.0,26.0,8.0,31.0,8.0,62.0
1454,23.0,23.0,4.0,25.0,5.0,38.0
1455,23.0,26.0,3.0,30.0,6.0,35.0
1456,24.0,26.0,5.0,35.0,5.0,44.0
1457,26.0,27.0,4.0,33.0,8.0,44.0
1458,21.0,23.0,5.0,28.0,6.0,28.0
1459,19.0,22.0,4.0,25.0,7.0,30.0
1460,26.0,25.0,8.0,29.0,10.0,39.0
1461,38.0,29.0,6.0,31.0,13.0,53.0
1462,27.0,27.0,7.0,47.0,7.0,47.0
1463,44.0,25.0,7.0,40.0,13.0,58.0
1464,30.0,24.0,4.0,32.0,7.0,48.0
1465,38.0,24.0,6.0,31.0,9.0,53.0
1466,41.0,23.0,13.0,46.0,13.0,58.0
1467,35.0,22.0,6.0,39.0,10.0,47.0
1468,37.0,26.0,16.0,17.0,10.0,54.0
1469,47.0,16.0,27.0,22.0,12.0,61.0
1470,23.0,16.0,11.0,33.0,8.0,33.0
1471,38.0,17.0,14.0,27.0,10.0,54.0
1472,29.0,20.0,12.0,26.0,15.0,50.0
1473,34.0,17.0,13.0,20.0,9.0,44.0
1474,36.0,15.0,15.0,26.0,13.0,57.0
1475,42.0,14.0,15.0,32.0,12.0,62.0
1476,52.0,15.0,17.0,25.0,14.0,73.0
1477,52.0,17.0,15.0,26.0,14.0,71.0
1478,40.0,16.0,11.0,26.0,12.0,52.0
1479,31.0,13.0,12.0,25.0,12.0,41.0
1480,35.0,12.0,12.0,22.0,13.0,35.0
1481,43.0,13.0,14.0,28.0,15.0,51.0
1482,49.0,14.0,14.0,28.0,15.0,63.0
1483,72.0,14.0,43.0,44.0,20.0,108.0
1484,33.0,12.0,14.0,23.0,10.0,48.0
1485,56.0,13.0,29.0,62.0,15.0,82.0
1486,52.0,14.0,19.0,28.0,13.0,70.0
1487,20.0,13.0,10.0,19.0,8.0,20.0
1488,27.0,14.0,18.0,17.0,11.0,41.0
1489,30.0,16.0,17.0,24.0,11.0,53.0
1490,27.0,13.0,16.0,24.0,12.0,37.0
1491,36.0,13.0,16.0,26.0,10.0,51.0
1492,59.0,21.0,26.0,15.0,31.0,79.0
1493,30.0,21.0,14.0,16.0,24.0,46.0
1494,23.0,19.0,11.0,14.0,19.0,33.0
1495,36.0,23.0,14.0,12.0,24.0,53.0
1496,29.0,20.0,14.0,12.0,21.0,36.0
1497,27.0,21.0,8.0,21.0,15.0,34.0
1498,25.0,19.0,7.0,19.0,12.0,25.0
1499,24.0,19.0,10.0,18.0,17.0,26.0
1500,33.0,22.0,12.0,14.0,22.0,40.0
1501,32.0,21.0,10.0,12.0,16.0,38.0
1502,26.0,23.0,13.0,9.0,17.0,37.0
1503,41.0,26.0,16.0,10.0,16.0,52.0
1504,25.0,20.0,9.0,19.0,16.0,37.0
1505,33.0,18.0,11.0,19.0,19.0,47.0
1506,34.0,20.0,13.0,17.0,25.0,47.0
1507,26.0,18.0,11.0,18.0,26.0,28.0
1508,39.0,23.0,23.0,12.0,33.0,57.0
1509,43.0,29.0,13.0,12.0,29.0,59.0
1510,29.0,19.0,20.0,12.0,23.0,41.0
1511,30.0,18.0,11.0,18.0,20.0,38.0
1512,31.0,18.0,10.0,16.0,17.0,45.0
1513,51.0,20.0,18.0,11.0,23.0,67.0
1514,50.0,22.0,11.0,20.0,23.0,64.0
1515,30.0,22.0,10.0,9.0,16.0,42.0
1516,31.0,26.0,12.0,14.0,17.0,48.0
1517,29.0,18.0,13.0,18.0,20.0,38.0
1518,49.0,23.0,15.0,17.0,31.0,67.0
1519,43.0,19.0,12.0,19.0,18.0,60.0
1520,37.0,20.0,12.0,12.0,17.0,60.0
1521,38.0,20.0,15.0,14.0,28.0,55.0
1522,49.0,19.0,21.0,17.0,35.0,67.0
1523,51.0,22.0,18.0,19.0,31.0,75.0
1524,52.0,20.0,16.0,16.0,30.0,69.0
1525,51.0,20.0,22.0,15.0,37.0,73.0
1526,57.0,23.0,23.0,19.0,31.0,88.0
1527,47.0,21.0,16.0,11.0,19.0,63.0
1528,36.0,23.0,15.0,10.0,22.0,50.0
1529,45.0,20.0,20.0,14.0,27.0,65.0
1530,27.0,19.0,9.0,15.0,21.0,35.0
1531,44.0,24.0,12.0,13.0,25.0,58.0
1532,37.0,27.0,13.0,13.0,25.0,62.0
1533,39.0,23.0,14.0,10.0,19.0,60.0
1534,45.0,29.0,18.0,13.0,34.0,70.0
1535,55.0,32.0,13.0,21.0,36.0,80.0
1536,59.0,25.0,19.0,20.0,45.0,93.0
1537,64.0,30.0,15.0,25.0,40.0,102.0
1538,60.0,29.0,14.0,24.0,35.0,88.0
1539,55.0,28.0,16.0,19.0,31.0,80.0
1540,43.0,21.0,11.0,18.0,17.0,55.0
1541,38.0,21.0,13.0,14.0,18.0,61.0
1542,37.0,23.0,11.0,12.0,16.0,54.0
1543,32.0,21.0,10.0,9.0,15.0,53.0
1544,25.0,22.0,9.0,14.0,17.0,47.0
1545,50.0,23.0,19.0,19.0,28.0,69.0
1546,53.0,29.0,13.0,18.0,33.0,71.0
1547,54.0,20.0,15.0,31.0,31.0,75.0
1548,55.0,19.0,19.0,21.0,37.0,77.0
1549,53.0,24.0,15.0,14.0,30.0,69.0
1550,43.0,22.0,13.0,15.0,23.0,57.0
1551,26.0,22.0,11.0,13.0,19.0,42.0
1552,41.0,27.0,11.0,17.0,19.0,54.0
1553,25.0,20.0,8.0,18.0,22.0,42.0
1554,57.0,21.0,23.0,14.0,33.0,78.0
1555,52.0,22.0,15.0,18.0,27.0,69.0
1556,33.0,27.0,10.0,14.0,18.0,55.0
1557,30.0,25.0,11.0,13.0,19.0,47.0
1558,38.0,33.0,12.0,13.0,22.0,55.0
1559,54.0,26.0,14.0,15.0,28.0,69.0
1560,48.0,23.0,13.0,17.0,29.0,66.0
1561,45.0,31.0,12.0,25.0,31.0,68.0
1562,55.0,26.0,20.0,15.0,31.0,69.0
1563,55.0,23.0,18.0,21.0,40.0,68.0
1564,51.0,27.0,15.0,25.0,32.0,71.0
1565,56.0,24.0,24.0,21.0,40.0,74.0
1566,55.0,24.0,20.0,16.0,42.0,76.0
1567,65.0,24.0,19.0,19.0,41.0,101.0
1568,57.0,24.0,11.0,25.0,26.0,79.0
1569,63.0,25.0,14.0,26.0,30.0,92.0
1570,56.0,25.0,12.0,21.0,30.0,83.0
1571,63.0,24.0,19.0,14.0,37.0,87.0
1572,54.0,25.0,14.0,23.0,40.0,81.0
1573,66.0,25.0,16.0,21.0,42.0,99.0
1574,66.0,23.0,18.0,30.0,40.0,99.0
1575,63.0,24.0,15.0,17.0,36.0,86.0
1576,56.0,26.0,10.0,22.0,24.0,79.0
1577,62.0,26.0,12.0,23.0,28.0,94.0
1578,54.0,21.0,15.0,21.0,34.0,77.0
1579,57.0,23.0,17.0,18.0,38.0,71.0
1580,61.0,23.0,18.0,20.0,42.0,84.0
1581,52.0,23.0,10.0,20.0,33.0,71.0
1582,50.0,22.0,9.0,18.0,17.0,67.0
1583,53.0,26.0,10.0,20.0,20.0,70.0
1584,59.0,31.0,14.0,14.0,26.0,77.0
1585,58.0,22.0,18.0,14.0,38.0,82.0
1586,49.0,19.0,16.0,18.0,38.0,65.0
1587,54.0,20.0,26.0,19.0,45.0,70.0
1588,52.0,20.0,12.0,19.0,28.0,69.0
1589,41.0,18.0,9.0,26.0,21.0,57.0
1590,47.0,19.0,10.0,25.0,21.0,69.0
1591,60.0,24.0,12.0,25.0,24.0,88.0
1592,59.0,21.0,10.0,25.0,21.0,79.0
1593,70.0,24.0,14.0,24.0,20.0,110.0
1594,52.0,24.0,8.0,25.0,14.0,72.0
1595,51.0,26.0,11.0,20.0,19.0,67.0
1596,51.0,23.0,8.0,20.0,16.0,65.0
1597,47.0,22.0,11.0,24.0,24.0,65.0
1598,40.0,24.0,10.0,23.0,26.0,54.0
1599,52.0,23.0,17.0,19.0,36.0,69.0
1600,57.0,24.0,12.0,23.0,27.0,79.0
1601,52.0,24.0,15.0,22.0,34.0,76.0
1602,56.0,22.0,16.0,28.0,36.0,79.0
1603,60.0,24.0,21.0,27.0,37.0,91.0
1604,74.0,22.0,20.0,23.0,38.0,108.0
1605,44.0,23.0,15.0,23.0,35.0,60.0
1606,56.0,27.0,11.0,21.0,24.0,77.0
1607,51.0,27.0,8.0,16.0,20.0,64.0
1608,54.0,29.0,12.0,16.0,24.0,70.0
1609,56.0,23.0,14.0,17.0,32.0,76.0
1610,47.0,24.0,16.0,18.0,29.0,61.0
1611,55.0,21.0,15.0,19.0,33.0,73.0
1612,59.0,22.0,18.0,19.0,35.0,83.0
1613,59.0,21.0,20.0,24.0,38.0,84.0
1614,54.0,22.0,20.0,17.0,41.0,76.0
1615,63.0,20.0,13.0,14.0,30.0,87.0
1616,59.0,23.0,20.0,19.0,38.0,79.0
1617,59.0,22.0,15.0,19.0,32.0,83.0
1618,52.0,24.0,13.0,28.0,31.0,72.0
1619,58.0,26.0,16.0,24.0,38.0,80.0
1620,58.0,24.0,14.0,23.0,34.0,77.0
1621,66.0,23.0,23.0,18.0,47.0,89.0
1622,59.0,22.0,15.0,23.0,40.0,77.0
1623,57.0,24.0,17.0,27.0,35.0,77.0
1624,51.0,23.0,14.0,25.0,25.0,70.0
1625,58.0,25.0,13.0,22.0,26.0,82.0
1626,62.0,31.0,13.0,17.0,29.0,86.0
1627,56.0,39.0,18.0,13.0,35.0,74.0
1628,56.0,28.0,25.0,17.0,39.0,80.0
1629,64.0,29.0,17.0,16.0,34.0,84.0
1630,54.0,26.0,21.0,13.0,45.0,68.0
1631,75.0,33.0,25.0,21.0,44.0,109.0
1632,52.0,24.0,16.0,18.0,31.0,64.0
1633,44.0,27.0,15.0,16.0,32.0,58.0
1634,54.0,26.0,17.0,24.0,43.0,79.0
1635,65.0,31.0,17.0,17.0,39.0,90.0
1636,59.0,36.0,14.0,17.0,32.0,82.0
1637,54.0,31.0,10.0,21.0,23.0,66.0
1638,65.0,27.0,18.0,22.0,32.0,94.0
1639,55.0,24.0,18.0,26.0,38.0,79.0
1640,66.0,30.0,15.0,20.0,28.0,94.0
1641,65.0,26.0,19.0,19.0,38.0,94.0
1642,55.0,27.0,14.0,20.0,31.0,76.0
1643,55.0,33.0,16.0,14.0,30.0,70.0
1644,58.0,33.0,12.0,19.0,25.0,81.0
1645,68.0,27.0,11.0,27.0,22.0,102.0
1646,71.0,28.0,12.0,34.0,25.0,106.0
1647,56.0,26.0,9.0,29.0,29.0,74.0
1648,64.0,34.0,10.0,22.0,27.0,86.0
1649,68.0,32.0,10.0,26.0,26.0,94.0
1650,70.0,33.0,9.0,28.0,25.0,101.0
1651,64.0,35.0,7.0,24.0,23.0,83.0
1652,54.0,32.0,6.0,21.0,15.0,71.0
1653,46.0,29.0,5.0,18.0,13.0,59.0
1654,63.0,33.0,10.0,18.0,24.0,89.0
1655,53.0,28.0,10.0,17.0,23.0,69.0
1656,66.0,31.0,12.0,24.0,30.0,95.0
1657,71.0,30.0,11.0,24.0,29.0,97.0
1658,63.0,29.0,8.0,28.0,20.0,80.0
1659,63.0,31.0,8.0,32.0,19.0,89.0
1660,66.0,26.0,10.0,32.0,28.0,95.0
1661,74.0,27.0,15.0,24.0,24.0,100.0
1662,48.0,27.0,7.0,26.0,17.0,66.0
1663,53.0,31.0,9.0,24.0,26.0,76.0
1664,58.0,26.0,9.0,27.0,28.0,80.0
1665,53.0,26.0,13.0,21.0,34.0,79.0
1666,70.0,25.0,23.0,28.0,38.0,108.0
1667,65.0,27.0,14.0,17.0,32.0,95.0
1668,61.0,29.0,10.0,23.0,28.0,91.0
1669,68.0,31.0,13.0,20.0,30.0,102.0
1670,59.0,28.0,13.0,24.0,32.0,85.0
1671,73.0,29.0,12.0,39.0,35.0,105.0
1672,54.0,26.0,7.0,27.0,24.0,72.0
1673,51.0,25.0,8.0,29.0,22.0,68.0
1674,47.0,24.0,10.0,25.0,28.0,63.0
1675,50.0,26.0,11.0,19.0,35.0,68.0
1676,52.0,29.0,8.0,24.0,26.0,70.0
1677,52.0,29.0,9.0,21.0,27.0,66.0
1678,56.0,28.0,15.0,11.0,28.0,73.0
1679,55.0,31.0,7.0,18.0,18.0,71.0
1680,53.0,33.0,6.0,23.0,16.0,69.0
1681,52.0,30.0,6.0,25.0,15.0,60.0
1682,32.0,25.0,7.0,29.0,16.0,50.0
1683,55.0,25.0,10.0,24.0,25.0,73.0
1684,55.0,28.0,8.0,20.0,19.0,70.0
1685,56.0,28.0,10.0,17.0,28.0,75.0
1686,65.0,30.0,15.0,24.0,36.0,92.0
1687,56.0,31.0,8.0,17.0,20.0,72.0
1688,53.0,30.0,8.0,17.0,19.0,70.0
1689,56.0,28.0,13.0,26.0,22.0,77.0
1690,59.0,25.0,11.0,27.0,26.0,78.0
1691,60.0,31.0,15.0,24.0,35.0,89.0
1692,58.0,29.0,11.0,32.0,34.0,84.0
1693,59.0,25.0,13.0,26.0,35.0,80.0
1694,59.0,28.0,14.0,25.0,28.0,81.0
1695,56.0,28.0,10.0,25.0,27.0,77.0
1696,59.0,27.0,12.0,32.0,30.0,87.0
1697,62.0,26.0,12.0,34.0,34.0,89.0
1698,56.0,27.0,10.0,22.0,33.0,77.0
1699,62.0,30.0,11.0,25.0,31.0,89.0
1700,65.0,26.0,11.0,40.0,27.0,93.0
1701,65.0,28.0,12.0,30.0,29.0,96.0
1702,79.0,27.0,17.0,39.0,41.0,112.0
1703,64.0,27.0,12.0,35.0,33.0,86.0
1704,63.0,29.0,15.0,24.0,38.0,88.0
1705,60.0,29.0,11.0,30.0,28.0,83.0
1706,60.0,27.0,11.0,37.0,30.0,82.0
1707,58.0,26.0,10.0,31.0,28.0,77.0
1708,63.0,27.0,11.0,28.0,28.0,85.0
1709,68.0,31.0,11.0,26.0,24.0,92.0
1710,52.0,28.0,9.0,19.0,24.0,65.0
1711,53.0,25.0,16.0,23.0,34.0,76.0
1712,45.0,25.0,12.0,27.0,31.0,62.0
1713,51.0,27.0,10.0,25.0,32.0,66.0
1714,66.0,32.0,12.0,34.0,41.0,93.0
1715,61.0,26.0,10.0,28.0,27.0,80.0
1716,51.0,29.0,8.0,23.0,21.0,64.0
1717,31.0,24.0,8.0,20.0,19.0,42.0
1718,54.0,29.0,20.0,20.0,45.0,81.0
1719,48.0,29.0,9.0,23.0,24.0,65.0
1720,42.0,29.0,7.0,26.0,20.0,66.0
1721,50.0,29.0,8.0,23.0,22.0,73.0
1722,53.0,26.0,8.0,33.0,19.0,78.0
1723,51.0,27.0,10.0,25.0,34.0,69.0
1724,55.0,28.0,11.0,29.0,36.0,81.0
1725,57.0,29.0,11.0,24.0,32.0,80.0
1726,54.0,29.0,8.0,27.0,22.0,80.0
1727,57.0,34.0,8.0,20.0,26.0,74.0
1728,49.0,31.0,7.0,24.0,20.0,67.0
1729,52.0,28.0,6.0,28.0,19.0,72.0
1730,51.0,27.0,12.0,22.0,33.0,72.0
1731,45.0,25.0,9.0,24.0,28.0,63.0
1732,54.0,26.0,12.0,29.0,38.0,76.0
1733,63.0,27.0,13.0,38.0,37.0,94.0
1734,57.0,30.0,11.0,32.0,38.0,81.0
1735,67.0,32.0,11.0,30.0,35.0,99.0
1736,70.0,29.0,10.0,28.0,28.0,85.0
1737,58.0,30.0,11.0,34.0,29.0,82.0
1738,55.0,29.0,11.0,30.0,33.0,76.0
1739,60.0,38.0,10.0,26.0,35.0,83.0
1740,45.0,29.0,9.0,21.0,28.0,62.0
1741,54.0,33.0,11.0,24.0,35.0,77.0
1742,52.0,27.0,9.0,32.0,29.0,69.0
1743,58.0,26.0,9.0,38.0,26.0,83.0
1744,59.0,29.0,10.0,35.0,30.0,80.0
1745,56.0,37.0,9.0,23.0,35.0,76.0
1746,52.0,28.0,8.0,25.0,31.0,67.0
1747,64.0,33.0,11.0,35.0,35.0,90.0
1748,75.0,29.0,12.0,34.0,37.0,106.0
1749,66.0,28.0,15.0,32.0,44.0,95.0
1750,65.0,34.0,11.0,36.0,30.0,93.0
1751,44.0,25.0,9.0,19.0,26.0,55.0
1752,41.0,29.0,14.0,15.0,30.0,58.0
1753,33.0,29.0,10.0,21.0,27.0,53.0
1754,45.0,25.0,9.0,28.0,32.0,65.0
1755,64.0,31.0,18.0,19.0,48.0,95.0
1756,57.0,29.0,10.0,20.0,36.0,83.0
1757,58.0,27.0,11.0,28.0,36.0,85.0
1758,62.0,27.0,14.0,33.0,37.0,95.0
1759,55.0,29.0,14.0,23.0,43.0,78.0
1760,55.0,29.0,15.0,22.0,39.0,76.0
1761,51.0,28.0,16.0,22.0,39.0,69.0
1762,50.0,31.0,19.0,18.0,35.0,64.0
1763,48.0,31.0,12.0,25.0,40.0,68.0
1764,53.0,27.0,11.0,32.0,32.0,70.0
1765,58.0,32.0,16.0,22.0,41.0,85.0
1766,50.0,29.0,14.0,22.0,35.0,63.0
1767,49.0,33.0,13.0,21.0,38.0,63.0
1768,57.0,30.0,17.0,34.0,47.0,83.0
1769,56.0,31.0,19.0,18.0,46.0,75.0
1770,55.0,30.0,13.0,22.0,40.0,72.0
1771,38.0,27.0,8.0,23.0,25.0,56.0
1772,38.0,29.0,18.0,15.0,32.0,55.0
1773,55.0,32.0,14.0,17.0,38.0,73.0
1774,38.0,28.0,10.0,16.0,25.0,55.0
1775,41.0,48.0,12.0,13.0,15.0,55.0
1776,32.0,31.0,10.0,16.0,9.0,49.0
1777,51.0,36.0,16.0,27.0,12.0,70.0
1778,42.0,29.0,11.0,18.0,7.0,53.0
1779,27.0,30.0,8.0,16.0,7.0,39.0
1780,31.0,31.0,8.0,11.0,6.0,47.0
1781,55.0,50.0,13.0,15.0,9.0,71.0
1782,55.0,43.0,18.0,19.0,13.0,75.0
1783,28.0,31.0,7.0,16.0,5.0,40.0
1784,28.0,33.0,7.0,13.0,6.0,44.0
1785,41.0,33.0,15.0,16.0,6.0,54.0
1786,27.0,32.0,7.0,14.0,5.0,33.0
1787,20.0,32.0,7.0,13.0,5.0,32.0
1788,23.0,30.0,8.0,12.0,6.0,35.0
1789,39.0,34.0,10.0,11.0,7.0,57.0
1790,34.0,32.0,12.0,9.0,7.0,56.0
1791,30.0,30.0,10.0,8.0,5.0,37.0
1792,19.0,29.0,5.0,14.0,4.0,29.0
1793,23.0,30.0,7.0,12.0,5.0,30.0
1794,29.0,31.0,9.0,18.0,7.0,50.0
1795,49.0,33.0,13.0,15.0,12.0,65.0
1796,28.0,31.0,7.0,15.0,5.0,34.0
1797,49.0,9.0,19.0,7.0,6.0,49.0
1798,39.0,35.0,13.0,15.0,9.0,52.0
1799,41.0,39.0,15.0,15.0,9.0,57.0
1800,60.0,55.0,23.0,18.0,11.0,81.0
1801,30.0,34.0,12.0,16.0,9.0,34.0
1802,45.0,33.0,17.0,18.0,10.0,60.0
1803,33.0,36.0,10.0,21.0,11.0,50.0
1804,46.0,43.0,14.0,19.0,12.0,59.0
1805,28.0,33.0,8.0,24.0,9.0,43.0
1806,44.0,32.0,17.0,15.0,7.0,57.0
1807,31.0,34.0,10.0,13.0,6.0,46.0
1808,46.0,46.0,15.0,16.0,10.0,61.0
1809,58.0,43.0,19.0,20.0,14.0,75.0
1810,56.0,39.0,20.0,24.0,16.0,74.0
1811,53.0,42.0,18.0,24.0,15.0,71.0
1812,51.0,39.0,18.0,22.0,10.0,63.0
1813,58.0,38.0,24.0,33.0,15.0,81.0
1814,52.0,39.0,13.0,23.0,11.0,63.0
1815,52.0,41.0,19.0,22.0,17.0,74.0
1816,63.0,56.0,28.0,25.0,19.0,85.0
1817,56.0,57.0,18.0,20.0,18.0,77.0
1818,34.0,53.0,15.0,17.0,11.0,53.0
1819,53.0,56.0,17.0,17.0,9.0,68.0
1820,35.0,51.0,11.0,22.0,10.0,53.0
1821,52.0,61.0,15.0,20.0,15.0,71.0
1822,51.0,53.0,15.0,18.0,13.0,65.0
1823,31.0,54.0,10.0,24.0,11.0,54.0
1824,55.0,53.0,16.0,23.0,14.0,71.0
1825,62.0,52.0,23.0,20.0,14.0,85.0
1826,48.59540889526542,21.978313253012047,16.60498561840844,40.00485201358564,12.565386485172581,58.41769743101808
1827,48.59540889526542,21.978313253012047,16.60498561840844,40.00485201358564,12.565386485172581,58.41769743101808
1828,48.59540889526542,21.978313253012047,16.60498561840844,40.00485201358564,12.565386485172581,58.41769743101808
1829,48.59540889526542,21.978313253012047,16.60498561840844,40.00485201358564,12.565386485172581,58.41769743101808
1830,48.59540889526542,21.978313253012047,16.60498561840844,40.00485201358564,12.565386485172581,58.41769743101808
1831,48.59540889526542,21.978313253012047,16.60498561840844,40.00485201358564,12.565386485172581,58.41769743101808
1832,48.59540889526542,21.978313253012047,16.60498561840844,40.00485201358564,12.565386485172581,58.41769743101808
1833,48.59540889526542,21.978313253012047,16.60498561840844,40.00485201358564,12.565386485172581,58.41769743101808
1834,48.59540889526542,21.978313253012047,16.60498561840844,40.00485201358564,12.565386485172581,58.41769743101808
1835,48.59540889526542,21.978313253012047,16.60498561840844,40.00485201358564,12.565386485172581,58.41769743101808
1836,48.59540889526542,21.978313253012047,16.60498561840844,40.00485201358564,12.565386485172581,58.41769743101808
1837,38.0,50.0,14.0,18.0,8.0,50.0
1838,34.0,52.0,12.0,18.0,12.0,52.0
1839,33.0,47.0,10.0,18.0,9.0,47.0
1840,44.0,52.0,11.0,19.0,11.0,52.0
1841,48.59540889526542,21.978313253012047,16.60498561840844,40.00485201358564,12.565386485172581,58.41769743101808
1842,49.0,44.0,14.0,21.0,9.0,49.0
1843,42.0,47.0,11.0,23.0,10.0,47.0
1844,35.0,46.0,12.0,19.0,11.0,46.0
1845,36.0,53.0,14.0,18.0,12.0,53.0
1846,32.0,51.0,13.0,10.0,9.0,51.0
1847,30.0,50.0,11.0,19.0,10.0,50.0
1848,33.0,50.0,11.0,21.0,9.0,50.0
1849,36.0,50.0,9.0,17.0,7.0,50.0
1850,25.0,46.0,9.0,18.0,6.0,46.0
1851,33.0,46.0,13.0,18.0,10.0,46.0
1852,32.0,47.0,12.0,18.0,8.0,47.0
1853,41.0,51.0,12.0,20.0,9.0,51.0
1854,58.0,53.0,26.0,15.0,8.0,58.0
1855,61.0,52.0,18.0,23.0,13.0,61.0
1856,65.0,57.0,19.0,15.0,13.0,65.0
1857,34.0,52.0,8.0,23.0,9.0,52.0
1858,46.0,51.0,11.0,23.0,10.0,51.0
1859,36.0,48.0,11.0,21.0,10.0,48.0
1860,30.0,46.0,9.0,26.0,9.0,46.0
1861,38.0,53.0,11.0,19.0,9.0,53.0
1862,34.0,54.0,10.0,17.0,8.0,54.0
1863,28.0,52.0,8.0,19.0,6.0,52.0
1864,31.0,58.0,11.0,16.0,9.0,58.0
1865,53.0,39.0,24.0,16.0,14.0,53.0
1866,36.0,39.0,7.0,19.0,6.0,39.0
1867,51.0,50.0,16.0,11.0,10.0,51.0
1868,51.0,43.0,11.0,20.0,9.0,51.0
1869,54.0,42.0,14.0,22.0,9.0,54.0
1870,53.0,39.0,20.0,20.0,10.0,53.0
1871,65.0,41.0,27.0,25.0,15.0,65.0
1872,53.0,41.0,13.0,30.0,15.0,53.0
1873,52.0,41.0,13.0,31.0,16.0,52.0
1874,48.59540889526542,21.978313253012047,16.60498561840844,40.00485201358564,12.565386485172581,58.41769743101808
1875,48.59540889526542,21.978313253012047,16.60498561840844,40.00485201358564,12.565386485172581,58.41769743101808
1876,48.59540889526542,21.978313253012047,16.60498561840844,40.00485201358564,12.565386485172581,58.41769743101808
1877,48.59540889526542,21.978313253012047,16.60498561840844,40.00485201358564,12.565386485172581,58.41769743101808
1878,48.59540889526542,21.978313253012047,16.60498561840844,40.00485201358564,12.565386485172581,58.41769743101808
1879,52.0,46.0,12.0,22.0,13.0,52.0
1880,33.0,41.0,9.0,13.0,7.0,41.0
1881,29.0,41.0,10.0,11.0,7.0,41.0
1882,28.0,39.0,10.0,11.0,6.0,39.0
1883,30.0,39.0,10.0,14.0,5.0,39.0
1884,27.0,39.0,8.0,18.0,4.0,39.0
1885,28.0,43.0,11.0,17.0,5.0,43.0
1886,31.0,46.0,10.0,16.0,4.0,46.0
1887,30.0,42.0,10.0,17.0,5.0,42.0
1888,39.0,41.0,11.0,22.0,8.0,41.0
1889,46.0,40.0,11.0,18.0,7.0,46.0
1890,34.0,38.0,13.0,15.0,4.0,38.0
1891,20.0,37.0,6.0,13.0,2.0,37.0
1892,26.0,39.0,10.0,14.0,5.0,39.0
1893,51.0,40.0,17.0,24.0,10.0,51.0
1894,54.0,42.0,18.0,23.0,15.0,54.0
1895,64.0,45.0,19.0,26.0,18.0,64.0
1896,39.0,41.0,8.0,19.0,6.0,41.0
1897,39.0,43.0,16.0,15.0,6.0,43.0
1898,50.0,40.0,21.0,24.0,10.0,50.0
1899,52.0,41.0,17.0,21.0,10.0,52.0
1900,50.0,41.0,17.0,20.0,7.0,50.0
1901,69.0,40.0,20.0,23.0,17.0,69.0
1902,61.0,39.0,23.0,21.0,16.0,61.0
1903,48.0,40.0,14.0,18.0,10.0,48.0
1904,30.0,39.0,9.0,11.0,4.0,39.0
1905,25.0,37.0,6.0,11.0,3.0,37.0
1906,24.0,38.0,8.0,9.0,4.0,38.0
1907,40.0,40.0,12.0,16.0,6.0,40.0
1908,36.0,42.0,14.0,15.0,6.0,42.0
1909,70.0,50.0,15.0,24.0,15.0,70.0
1910,58.0,44.0,12.0,19.0,15.0,58.0
1911,48.59540889526542,21.978313253012047,16.60498561840844,40.00485201358564,12.565386485172581,58.41769743101808
1912,52.0,41.0,11.0,22.0,9.0,52.0
1913,45.0,44.0,12.0,21.0,11.0,45.0
1914,60.0,42.0,14.0,22.0,13.0,60.0
1915,74.0,48.0,17.0,44.0,19.0,74.0
1916,62.0,45.0,18.0,30.0,15.0,62.0
1917,56.0,45.0,14.0,21.0,12.0,56.0
1918,38.0,39.0,11.0,14.0,7.0,39.0
1919,28.0,38.0,14.0,13.0,6.0,38.0
1920,51.0,46.0,14.0,25.0,14.0,51.0
1921,47.0,40.0,14.0,25.0,11.0,47.0
1922,43.0,42.0,15.0,18.0,10.0,43.0
1923,40.0,40.0,13.0,20.0,10.0,40.0
1924,43.0,42.0,15.0,17.0,9.0,43.0
1925,57.0,41.0,16.0,27.0,14.0,57.0
1926,49.0,41.0,12.0,31.0,13.0,49.0
1927,57.0,40.0,19.0,33.0,19.0,57.0
1928,66.0,40.0,20.0,37.0,21.0,66.0
1929,57.0,41.0,13.0,38.0,15.0,57.0
1930,48.0,40.0,14.0,28.0,16.0,48.0
1931,52.0,39.0,11.0,32.0,13.0,52.0
1932,68.0,39.0,19.0,28.0,17.0,68.0
1933,53.0,37.0,9.0,27.0,9.0,53.0
1934,38.0,38.0,12.0,27.0,12.0,38.0
1935,50.0,40.0,15.0,28.0,13.0,50.0
1936,29.0,40.0,14.0,17.0,9.0,40.0
1937,60.0,45.0,22.0,21.0,14.0,60.0
1938,54.0,40.0,25.0,19.0,12.0,54.0
1939,52.0,39.0,17.0,25.0,14.0,52.0
1940,51.0,42.0,13.0,24.0,12.0,51.0
1941,50.0,42.0,13.0,30.0,12.0,50.0
1942,42.0,45.0,14.0,19.0,10.0,45.0
1943,28.0,40.0,12.0,21.0,10.0,40.0
1944,25.0,39.0,10.0,20.0,5.0,39.0
1945,25.0,38.0,11.0,23.0,7.0,38.0
1946,54.0,37.0,20.0,26.0,12.0,54.0
1947,54.0,37.0,16.0,31.0,10.0,54.0
1948,35.0,37.0,10.0,28.0,9.0,37.0
1949,31.0,37.0,9.0,28.0,6.0,37.0
1950,43.0,38.0,9.0,31.0,9.0,43.0
1951,33.0,39.0,7.0,26.0,6.0,39.0
1952,32.0,38.0,9.0,25.0,8.0,38.0
1953,42.0,40.0,8.0,33.0,8.0,42.0
1954,35.0,43.0,11.0,24.0,8.0,43.0
1955,37.0,39.0,13.0,21.0,11.0,39.0
1956,38.0,40.0,13.0,30.0,12.0,40.0
1957,55.0,52.0,12.0,25.0,12.0,55.0
1958,27.0,42.0,8.0,24.0,7.0,42.0
1959,45.0,44.0,14.0,23.0,12.0,45.0
1960,62.0,40.0,13.0,30.0,12.0,62.0
1961,52.0,39.0,16.0,25.0,12.0,52.0
1962,38.0,39.0,15.0,23.0,11.0,39.0
1963,54.0,41.0,16.0,30.0,14.0,54.0
1964,57.0,41.0,27.0,22.0,18.0,57.0
1965,59.0,40.0,20.0,22.0,18.0,59.0
1966,45.0,40.0,21.0,21.0,15.0,45.0
1967,47.0,43.0,16.0,13.0,12.0,47.0
1968,60.0,47.0,15.0,15.0,9.0,60.0
1969,50.0,46.0,9.0,10.0,9.0,50.0
1970,54.0,48.0,11.0,12.0,11.0,54.0
1971,49.0,42.0,13.0,12.0,11.0,49.0
1972,63.0,51.0,18.0,12.0,15.0,63.0
1973,58.0,43.0,13.0,26.0,15.0,58.0
1974,61.0,41.0,24.0,18.0,20.0,61.0
1975,37.0,42.0,14.0,13.0,10.0,42.0
1976,56.0,42.0,23.0,14.0,15.0,56.0
1977,37.0,43.0,14.0,16.0,9.0,43.0
1978,44.0,41.0,14.0,11.0,11.0,44.0
1979,46.0,40.0,19.0,15.0,12.0,46.0
1980,66.0,42.0,26.0,16.0,19.0,66.0
1981,53.0,41.0,13.0,25.0,13.0,53.0
1982,60.0,41.0,19.0,18.0,15.0,60.0
1983,53.0,44.0,17.0,14.0,15.0,53.0
1984,49.0,41.0,14.0,10.0,10.0,49.0
1985,56.0,43.0,19.0,6.0,12.0,56.0
1986,44.0,40.0,26.0,7.0,13.0,44.0
1987,52.0,41.0,15.0,17.0,14.0,52.0
1988,58.0,41.0,20.0,13.0,12.0,58.0
1989,53.0,42.0,15.0,16.0,14.0,53.0
1990,56.0,42.0,25.0,16.0,22.0,56.0
1991,48.59540889526542,21.978313253012047,16.60498561840844,40.00485201358564,12.565386485172581,58.41769743101808
1992,48.59540889526542,21.978313253012047,16.60498561840844,40.00485201358564,12.565386485172581,58.41769743101808
1993,67.0,45.0,20.0,8.0,16.0,67.0
1994,48.59540889526542,21.978313253012047,16.60498561840844,40.00485201358564,12.565386485172581,58.41769743101808
1995,48.59540889526542,21.978313253012047,16.60498561840844,40.00485201358564,12.565386485172581,58.41769743101808
1996,72.0,42.0,14.0,20.0,14.0,72.0
1997,63.0,42.0,17.0,18.0,19.0,63.0
1998,60.0,42.0,16.0,16.0,14.0,60.0
1999,71.0,41.0,15.0,15.0,14.0,71.0
2000,66.0,41.0,16.0,15.0,14.0,66.0
2001,74.0,42.0,19.0,13.0,16.0,74.0
2002,63.0,43.0,19.0,18.0,18.0,63.0
2003,63.0,42.0,20.0,18.0,18.0,63.0
2004,55.0,41.0,15.0,18.0,15.0,55.0
2005,53.0,13.4,17.0,35.4,8.0,53.0
2006,57.0,46.0,13.0,16.0,15.0,57.0
2007,58.0,45.0,12.0,20.0,15.0,58.0
2008,68.0,45.0,14.0,23.0,15.0,68.0
2009,76.0,49.0,16.0,35.0,15.0,76.0
2010,58.0,44.0,9.0,11.0,8.0,58.0
2011,51.0,45.0,10.0,8.0,10.0,51.0
2012,56.0,43.0,17.0,7.0,17.0,56.0
2013,52.0,43.0,17.0,4.0,18.0,52.0
2014,48.59540889526542,21.978313253012047,16.60498561840844,40.00485201358564,12.565386485172581,58.41769743101808
2015,49.0,42.0,11.0,26.0,13.0,49.0
2016,53.0,43.0,9.0,43.0,13.0,53.0
2017,64.0,45.0,13.0,26.0,14.0,64.0
2018,64.0,46.0,12.0,32.0,14.0,64.0
2019,57.0,44.0,13.0,18.0,12.0,57.0
2020,61.0,35.0,17.0,13.0,15.0,61.0
2021,52.0,37.0,11.0,14.0,10.0,52.0
2022,39.0,30.0,9.0,14.0,10.0,39.0
2023,50.0,34.0,19.0,8.0,14.0,50.0
2024,60.0,36.0,19.0,16.0,13.0,60.0
2025,67.0,38.0,12.0,28.0,18.0,67.0
2026,65.0,36.0,11.0,30.0,15.0,65.0
2027,66.0,33.0,10.0,36.0,13.0,66.0
2028,64.0,32.0,13.0,35.0,16.0,64.0
2029,55.0,39.0,9.0,30.0,12.0,55.0
2030,46.0,30.0,14.0,28.0,13.0,46.0
2031,51.0,29.0,13.0,33.0,13.0,51.0
2032,56.0,33.0,12.0,27.0,14.0,56.0
2033,60.0,34.0,10.0,32.0,13.0,60.0
2034,70.0,38.0,13.0,25.0,19.0,70.0
2035,58.0,35.0,7.0,31.0,10.0,58.0
2036,54.0,33.0,8.0,26.0,12.0,54.0
2037,63.0,33.0,9.0,33.0,13.0,63.0
2038,62.0,35.0,7.0,34.0,9.0,62.0
2039,53.0,35.0,9.0,23.0,11.0,53.0
2040,66.0,34.0,12.0,33.0,17.0,66.0
2041,66.0,33.0,12.0,37.0,13.0,66.0
2042,42.0,29.0,13.0,26.0,13.0,42.0
2043,41.0,33.0,13.0,25.0,11.0,41.0
2044,66.0,36.0,12.0,37.0,16.0,66.0
2045,48.0,31.0,11.0,27.0,12.0,48.0
2046,51.0,31.0,11.0,31.0,13.0,51.0
2047,54.0,33.0,13.0,26.0,16.0,54.0
2048,60.0,34.0,14.0,21.0,15.0,60.0
2049,60.0,33.0,12.0,32.0,16.0,60.0
2050,55.0,32.0,14.0,23.0,15.0,55.0
2051,55.0,34.0,10.0,31.0,13.0,55.0
2052,48.0,31.0,12.0,18.0,13.0,48.0
2053,51.0,33.0,13.0,18.0,15.0,51.0
2054,53.0,31.0,18.0,28.0,17.0,53.0
2055,47.0,31.0,9.0,30.0,10.0,47.0
2056,52.0,34.0,9.0,19.0,11.0,52.0
2057,51.0,34.0,9.0,21.0,9.0,51.0
2058,55.0,32.0,7.0,23.0,10.0,55.0
2059,48.0,32.0,10.0,32.0,12.0,48.0
2060,60.0,33.0,16.0,31.0,17.0,60.0
2061,65.0,32.0,12.0,36.0,15.0,65.0
2062,60.0,32.0,9.0,34.0,13.0,60.0
2063,61.0,35.0,12.0,21.0,16.0,61.0
2064,75.0,33.0,15.0,26.0,19.0,75.0
2065,59.0,30.0,11.0,39.0,13.0,59.0
2066,54.0,31.0,11.0,32.0,14.0,54.0
2067,51.0,31.0,10.0,27.0,13.0,51.0
2068,48.59540889526542,21.978313253012047,16.60498561840844,40.00485201358564,12.565386485172581,58.41769743101808
2069,58.0,36.0,30.0,17.0,12.0,58.0
2070,59.0,34.0,15.0,19.0,15.0,59.0
2071,39.0,30.0,6.0,19.0,6.0,39.0
2072,42.0,33.0,9.0,26.0,11.0,42.0
2073,57.0,33.0,8.0,30.0,14.0,57.0
2074,50.0,33.0,8.0,21.0,9.0,50.0
2075,52.0,30.0,14.0,29.0,18.0,52.0
2076,56.0,31.0,18.0,23.0,17.0,56.0
2077,48.59540889526542,21.978313253012047,16.60498561840844,40.00485201358564,12.565386485172581,58.41769743101808
2078,48.59540889526542,21.978313253012047,16.60498561840844,40.00485201358564,12.565386485172581,58.41769743101808
2079,48.59540889526542,21.978313253012047,16.60498561840844,40.00485201358564,12.565386485172581,58.41769743101808
2080,52.0,34.0,11.0,34.0,16.0,52.0
2081,57.0,33.0,11.0,38.0,18.0,57.0
2082,60.0,36.0,15.0,20.0,21.0,60.0
2083,48.59540889526542,21.978313253012047,16.60498561840844,40.00485201358564,12.565386485172581,58.41769743101808
2084,63.0,33.0,12.0,33.0,19.0,63.0
2085,59.0,33.0,14.0,29.0,18.0,59.0
2086,73.0,33.0,13.0,13.0,44.0,73.0
2087,59.0,33.0,13.0,23.0,13.0,59.0
2088,57.0,35.0,12.0,27.0,17.0,57.0
2089,58.0,32.0,14.0,20.0,19.0,58.0
2090,58.0,31.0,16.0,21.0,21.0,58.0
2091,48.59540889526542,21.978313253012047,16.60498561840844,40.00485201358564,12.565386485172581,58.41769743101808
2092,48.59540889526542,21.978313253012047,16.60498561840844,40.00485201358564,12.565386485172581,58.41769743101808
2093,48.59540889526542,21.978313253012047,16.60498561840844,40.00485201358564,12.565386485172581,58.41769743101808
2094,48.59540889526542,21.978313253012047,16.60498561840844,40.00485201358564,12.565386485172581,58.41769743101808
2095,48.59540889526542,21.978313253012047,16.60498561840844,40.00485201358564,12.565386485172581,58.41769743101808
2096,48.59540889526542,21.978313253012047,16.60498561840844,40.00485201358564,12.565386485172581,58.41769743101808
2097,48.59540889526542,21.978313253012047,16.60498561840844,40.00485201358564,12.565386485172581,58.41769743101808
2098,57.0,38.0,8.0,15.0,12.0,57.0
2099,56.0,36.0,8.0,18.0,14.0,56.0
2100,33.0,31.0,10.0,21.0,21.0,33.0
2101,52.0,37.0,12.0,25.0,13.0,52.0
2102,44.0,32.0,32.0,25.0,18.0,44.0
2103,57.0,57.0,12.0,19.0,19.0,57.0
2104,48.59540889526542,21.978313253012047,16.60498561840844,40.00485201358564,12.565386485172581,58.41769743101808
2105,48.59540889526542,21.978313253012047,16.60498561840844,40.00485201358564,12.565386485172581,58.41769743101808
2106,48.59540889526542,21.978313253012047,16.60498561840844,40.00485201358564,12.565386485172581,58.41769743101808
2107,45.0,33.0,9.0,25.0,10.0,45.0
2108,53.0,36.0,33.0,10.0,25.0,53.0
2109,60.0,33.0,19.0,31.0,20.0,60.0
2110,53.0,33.0,11.0,28.0,15.0,53.0
2111,50.0,34.0,15.0,26.0,17.0,50.0
2112,52.0,32.0,12.0,12.0,12.0,52.0
2113,53.0,36.0,15.0,31.0,15.0,53.0
2114,50.0,33.0,15.0,26.0,20.0,50.0
2115,52.0,33.0,33.0,33.0,18.0,52.0
2116,53.0,53.0,13.0,18.0,18.0,53.0
2117,54.0,33.0,18.0,26.0,17.0,54.0
2118,48.59540889526542,21.978313253012047,16.60498561840844,40.00485201358564,12.565386485172581,58.41769743101808
2119,37.0,33.0,12.0,12.0,11.0,37.0
2120,48.0,39.0,9.0,24.0,11.0,48.0
2121,27.0,32.0,5.0,18.0,6.0,32.0
2122,25.0,31.0,5.0,18.0,11.0,31.0
2123,48.59540889526542,21.978313253012047,16.60498561840844,40.00485201358564,12.565386485172581,58.41769743101808
2124,48.59540889526542,21.978313253012047,16.60498561840844,40.00485201358564,12.565386485172581,58.41769743101808
2125,48.59540889526542,21.978313253012047,16.60498561840844,40.00485201358564,12.565386485172581,58.41769743101808
2126,49.0,34.0,10.0,11.0,8.0,49.0
2127,45.0,35.0,9.0,24.0,10.0,45.0
2128,40.0,40.0,7.0,23.0,23.0,40.0
2129,45.0,35.0,35.0,35.0,35.0,45.0
2130,56.0,36.0,12.0,23.0,15.0,56.0
2131,55.0,36.0,10.0,22.0,15.0,55.0
2132,59.0,46.0,15.0,16.0,14.0,59.0
2133,53.0,35.0,12.0,23.0,15.0,53.0
2134,55.0,36.0,12.0,22.0,10.0,55.0
2135,55.0,46.0,10.0,22.0,15.0,55.0
2136,52.0,35.0,14.0,35.0,35.0,52.0
2137,54.0,34.0,18.0,26.0,13.0,54.0
2138,44.0,37.0,11.0,11.0,8.0,44.0
2139,41.0,41.0,10.0,18.0,8.0,41.0
2140,25.0,33.0,7.0,16.0,5.0,33.0
2141,25.0,33.0,7.0,16.0,5.0,33.0
2142,39.0,33.0,33.0,18.0,8.0,39.0
2143,45.0,34.0,12.0,25.0,9.0,45.0
2144,38.0,41.0,9.0,12.0,6.0,38.0
2145,48.59540889526542,21.978313253012047,16.60498561840844,40.00485201358564,12.565386485172581,58.41769743101808
2146,29.0,29.0,9.0,13.0,5.0,29.0
2147,50.0,41.0,9.0,12.0,6.0,50.0
2148,39.0,54.0,8.0,10.0,10.0,54.0
2149,29.0,34.0,9.0,12.0,6.0,34.0
2150,26.0,33.0,12.0,10.0,5.0,33.0
2151,28.0,33.0,7.0,9.0,5.0,33.0
2152,36.0,40.0,5.0,20.0,6.0,40.0
2153,30.0,36.0,9.0,9.0,9.0,36.0
2154,60.0,39.0,15.0,16.0,17.0,60.0
2155,56.0,35.0,12.0,17.0,9.0,56.0
2156,48.59540889526542,21.978313253012047,16.60498561840844,40.00485201358564,12.565386485172581,58.41769743101808
2157,51.0,34.0,14.0,18.0,9.0,51.0
2158,53.0,37.0,9.0,23.0,10.0,53.0
2159,54.0,36.0,12.0,17.0,13.0,54.0
2160,53.0,37.0,11.0,20.0,10.0,53.0
2161,64.0,37.0,10.0,15.0,12.0,64.0
2162,61.0,37.0,13.0,23.0,12.0,61.0
2163,61.0,36.0,13.0,15.0,12.0,61.0
2164,55.0,36.0,13.0,18.0,18.0,55.0
2165,54.0,35.0,12.0,12.0,12.0,54.0
2166,54.0,34.0,9.0,23.0,11.0,54.0
2167,48.0,34.0,10.0,20.0,13.0,48.0
2168,51.0,32.0,10.0,14.0,9.0,51.0
2169,40.0,31.0,15.0,22.0,9.0,40.0
2170,31.0,31.0,31.0,4.0,4.0,31.0
2171,26.0,30.0,7.0,16.0,6.0,26.0
2172,48.59540889526542,21.978313253012047,16.60498561840844,40.00485201358564,12.565386485172581,58.41769743101808
2173,48.59540889526542,21.978313253012047,16.60498561840844,40.00485201358564,12.565386485172581,58.41769743101808
2174,40.0,36.0,8.0,14.0,7.0,40.0
2175,48.59540889526542,21.978313253012047,16.60498561840844,40.00485201358564,12.565386485172581,58.41769743101808
2176,48.59540889526542,21.978313253012047,16.60498561840844,40.00485201358564,12.565386485172581,58.41769743101808
2177,48.59540889526542,21.978313253012047,16.60498561840844,40.00485201358564,12.565386485172581,58.41769743101808
2178,65.0,53.0,8.0,16.0,6.0,65.0
2179,48.59540889526542,21.978313253012047,16.60498561840844,40.00485201358564,12.565386485172581,58.41769743101808
2180,48.59540889526542,21.978313253012047,16.60498561840844,40.00485201358564,12.565386485172581,58.41769743101808
2181,48.59540889526542,21.978313253012047,16.60498561840844,40.00485201358564,12.565386485172581,58.41769743101808
2182,48.59540889526542,21.978313253012047,16.60498561840844,40.00485201358564,12.565386485172581,58.41769743101808
2183,48.59540889526542,21.978313253012047,16.60498561840844,40.00485201358564,12.565386485172581,58.41769743101808
2184,37.0,50.0,10.0,24.0,10.0,50.0
2185,36.0,49.0,8.0,20.0,7.0,49.0
2186,27.0,48.0,11.0,13.0,6.0,48.0
2187,25.0,48.0,9.0,11.0,6.0,48.0
2188,30.0,52.0,11.0,12.0,9.0,52.0
2189,50.0,50.0,12.0,18.0,13.0,50.0
2190,48.59540889526542,21.978313253012047,16.60498561840844,40.00485201358564,12.565386485172581,58.41769743101808
